target,model,n,rel_l2_mean,rel_l2_std,high_amp_ratio_mean,high_amp_ratio_std,steps_to_50pct_high_mean,steps_to_50pct_high_std,params,steps
f135,fcnn5,3,0.02364754645774762,0.019822506510485685,0.9914717830265029,0.00900071148467945,334.3333333333333,47.14045207910317,901,1500
f135,fcnn7,3,0.01987801616390546,0.014252062918177778,0.9913287849886281,0.010685613564835907,301,0.0,1741,1500
f135,fourier,3,0.0005599594008648031,0.0007877001319810076,0.9999901859054134,1.3988224820970182e-05,101,0.0,2161,1500
f135,pih1,3,0.07118746576209863,0.04258762580068919,0.9574003809667094,0.03517469477218666,234.33333333333334,47.14045207910317,551,1500
f135,pih2,3,0.013835291688640913,0.005512443500514959,0.9985531660975648,0.0013483914895169903,201,0.0,581,1500
f135,pih3,3,0.009077622399975857,0.002904631184928808,0.9983861723415127,0.0005409163706868302,201,0.0,611,1500
f1715,fcnn5,3,0.28828586637973785,0.05692158702240136,0.32642324523929955,0.03079489347203238,1500,0.0,901,1500
f1715,fcnn7,3,0.22565467655658722,0.11916798754168341,0.4988644147497484,0.280649275307519,1367,188.09040379562165,1741,1500
f1715,fourier,3,0.002540460084020424,0.001888837339263354,0.9999037239654639,0.0006760314226214613,101,0.0,2161,1500
f1715,pih1,3,0.23666458825270334,0.0492088714860889,0.33048986793027096,0.05376686722356342,1500,0.0,551,1500
f1715,pih2,3,0.21162200470765433,0.00697945250519434,0.31668813138094765,0.019713898663995928,1500,0.0,581,1500
f1715,pih3,3,0.12550373375415802,0.013131124261636503,0.6814161031691777,0.05435970420051094,1101,141.4213562373095,611,1500
