case,model,n,metric_name,metric_mean,metric_population_sd,parameters,steps,grid,learning_rate,residual_batch,elapsed_s_mean,elapsed_s_population_sd,result_directory
heat,tanh5,3,relative_l2,0.11483468115329742,0.05928247108307366,261,50000,50,0.002,full,815.6398391666589,1.1622260720170814,reviewer1_experiments/results/heat
heat,siren,3,relative_l2,0.06269722493986289,0.0259319043118834,261,50000,50,0.002,full,799.4145333999768,0.9771482058637945,reviewer1_experiments/results/heat
heat,adaptive,3,relative_l2,0.1302525574962298,0.027322943032871347,264,50000,50,0.002,full,1047.1738092000014,2.3764480296843074,reviewer1_experiments/results/heat
heat,fourier,3,relative_l2,0.033550977086027466,0.007821557016985779,881,50000,50,0.002,full,875.4521176666798,1.1637133971627418,reviewer1_experiments/results/heat
heat,lossbalance,3,relative_l2,0.11372015128533046,0.044675758983738476,261,50000,50,0.002,full,693.8720865666788,1.0720681042970124,reviewer1_experiments/results/heat
poisson,tanh5,3,relative_l2,0.2582949697971344,0.09385378043871354,81,5000,40,0.002,full,59.745770833319206,0.21778364278542223,reviewer1_experiments/results/poisson
poisson,tanh6,3,relative_l2,0.10386715084314346,0.06870879485745375,111,5000,40,0.002,full,65.56180936666594,0.3314403933429794,reviewer1_experiments/results/poisson
poisson,siren,3,relative_l2,0.14566756784915924,0.03404272385164645,81,5000,40,0.002,full,54.769211366656236,0.2811892983824204,reviewer1_experiments/results/poisson
poisson,adaptive,3,relative_l2,0.02713737078011036,0.01971115672920559,84,5000,40,0.002,full,71.29334576668528,0.5189840494569343,reviewer1_experiments/results/poisson
poisson,fourier05,3,relative_l2,0.017962077322105568,0.001995486664171996,391,5000,40,0.002,full,105.79551970002164,10.20759180863177,reviewer1_experiments/results/poisson_variants
poisson,lossbalance,3,relative_l2,0.4399614135424296,0.1189870834155149,81,5000,40,0.002,full,83.28256526667003,0.6822279112976174,reviewer1_experiments/results/poisson
inverse,tanh2,3,EA_relative_error,0.00026287635167439777,5.426952626853543e-05,47,20000,50,0.005,full,122.00669303334628,0.19203733729477288,reviewer1_experiments/results/inverse
inverse,siren,3,EA_relative_error,0.0009311437606811523,0.0005882540597632948,77,20000,50,0.005,full,296.92360729999683,1.8805853511491741,reviewer1_experiments/results/inverse
inverse,adaptive,3,EA_relative_error,0.0005500713984171549,0.0002093706644100387,80,20000,50,0.005,full,274.6164265666351,0.4826743359488501,reviewer1_experiments/results/inverse
inverse,fourier05,3,EA_relative_error,0.000891725222269694,0.00038157691707894724,392,20000,50,0.005,full,182.15283283337098,2.211000136906214,reviewer1_experiments/results/inverse_variants
inverse,lossbalance,3,EA_relative_error,4.1365623474121094e-05,6.6330088344781665e-06,77,20000,50,0.005,full,190.09080250000503,0.3070343474990325,reviewer1_experiments/results/inverse
