run,model,lambda_boundary,seed,status,updates,parameters,quantum_parameters,relative_l2_percent,residual_loss,boundary_l2,elapsed_s,nonfinite_losses,nonfinite_gradients,nonfinite_parameters
pinn_lambdaBC0.1_seed0,pinn,0.1,0,completed,1000,76,0,283.33191871643066,1.3016260862350464,4.877679347991943,3.6425612999591976,0,0,0
pinn_lambdaBC0.1_seed1,pinn,0.1,1,completed,1000,76,0,295.75068950653076,2.4403862953186035,5.093172550201416,2.975782399997115,0,0,0
pinn_lambdaBC0.1_seed2,pinn,0.1,2,completed,1000,76,0,239.87972736358643,394.7272644042969,2.2209577560424805,2.9598592999391258,0,0,0
pinn_lambdaBC10_seed0,pinn,10.0,0,completed,1000,76,0,175.3118872642517,39.97456359863281,3.277284860610962,2.9704982999246567,0,0,0
pinn_lambdaBC10_seed1,pinn,10.0,1,completed,1000,76,0,0.7043083664029837,0.07145671546459198,0.012757916934788227,2.972887400072068,0,0,0
pinn_lambdaBC10_seed2,pinn,10.0,2,completed,1000,76,0,0.308512756600976,0.036538850516080856,0.0039300620555877686,3.3834927000571042,0,0,0
pinn_lambdaBC1_seed0,pinn,1.0,0,completed,1000,76,0,231.83789253234863,3.5088424682617188,4.008835315704346,3.0458637999836355,0,0,0
pinn_lambdaBC1_seed1,pinn,1.0,1,completed,1000,76,0,267.3222064971924,2.959374189376831,4.640995025634766,3.0984036000445485,0,0,0
pinn_lambdaBC1_seed2,pinn,1.0,2,completed,1000,76,0,185.11734008789062,16.212133407592773,3.2388803958892822,3.297273499891162,0,0,0
qpinn_lambdaBC0.1_seed0,qpinn,0.1,0,completed,1000,106,30,48.86247217655182,0.043174419552087784,0.8403804898262024,80.34792109997943,0,0,0
qpinn_lambdaBC0.1_seed1,qpinn,0.1,1,completed,1000,106,30,60.65745949745178,0.09527188539505005,1.0433474779129028,80.60913350014016,0,0,0
qpinn_lambdaBC0.1_seed2,qpinn,0.1,2,completed,1000,106,30,7.126055657863617,0.036851298063993454,0.12238162755966187,79.37894110009074,0,0,0
qpinn_lambdaBC10_seed0,qpinn,10.0,0,completed,1000,106,30,0.19328382331877947,0.02869441546499729,0.0020729622337967157,70.02402979996987,0,0,0
qpinn_lambdaBC10_seed1,qpinn,10.0,1,completed,1000,106,30,0.16442572232335806,0.05623459815979004,0.001973899779841304,69.93335469998419,0,0,0
qpinn_lambdaBC10_seed2,qpinn,10.0,2,completed,1000,106,30,0.27996464632451534,0.05524638667702675,0.003756090300157666,70.35841539991088,0,0,0
qpinn_lambdaBC1_seed0,qpinn,1.0,0,completed,1000,106,30,4.392039030790329,0.03977670520544052,0.07580941170454025,70.36159859993495,0,0,0
qpinn_lambdaBC1_seed1,qpinn,1.0,1,completed,1000,106,30,15.099965035915375,0.03776846081018448,0.259806364774704,70.20320770004764,0,0,0
qpinn_lambdaBC1_seed2,qpinn,1.0,2,completed,1000,106,30,1.6031749546527863,0.03731757029891014,0.02733014151453972,70.49246249999851,0,0,0
