reference_row_zero_based,x_m,y_m,u_m_per_s,v_m_per_s
60.0,0.462,0.228,0.875,-0.0598
204.0,0.713,0.387,0.222,0.00028399999999999996
224.0,0.847,0.298,0.7959999999999999,-0.00146
292.0,0.325,0.198,0.389,0.0187
541.0,0.74,0.348,0.53,0.0011300000000000001
593.0,0.285,0.166,0.321,0.20600000000000002
797.0,0.00449,0.406,0.0382,3.87e-05
940.0,0.413,0.314,0.847,-0.129
1092.0,0.905,0.331,0.6409999999999999,-0.00233
1103.0,0.354,0.387,0.382,-0.0219
1466.0,0.96,0.39399999999999996,0.159,-0.00023999999999999998
1714.0,0.41,0.00919,0.11800000000000001,0.0020800000000000003
1745.0,0.33899999999999997,0.127,0.799,0.25
1781.0,0.0756,0.0591,0.609,-0.122
1999.0,0.222,0.251,0.192,-0.066
2136.0,0.792,0.366,0.40399999999999997,0.00011599999999999999
2197.0,0.823,0.335,0.619,-0.000303
2376.0,0.292,0.151,0.506,0.266
2466.0,0.843,0.0337,0.321,0.00045
2746.0,0.0833,0.0496,0.562,-0.10300000000000001
2786.0,0.722,0.0249,0.245,-0.000206
2908.0,0.423,0.273,0.871,-0.139
3066.0,1.02,0.11800000000000001,0.828,-0.00259
3079.0,0.005679999999999999,0.0212,0.196,-0.000678
3097.0,0.76,0.41,0.0,0.0
3129.0,0.0925,0.0766,0.769,-0.215
3171.0,0.804,0.025,0.245,0.000241
3304.0,0.955,0.221,0.9620000000000001,-0.00339
3697.0,1.01,0.121,0.8390000000000001,-0.00216
3708.0,0.154,0.36700000000000005,0.772,0.0983
3787.0,1.09,0.0712,0.595,-0.0129
4049.0,0.865,0.10300000000000001,0.765,0.00238
4071.0,0.158,0.303,1.16,0.39399999999999996
4131.0,0.0676,0.35700000000000004,0.5429999999999999,0.0912
4189.0,0.85,0.121,0.836,0.0028399999999999996
4218.0,0.888,0.23800000000000002,0.9440000000000001,-0.00148
4255.0,1.07,0.19899999999999998,0.972,-0.0050799999999999994
4265.0,0.8059999999999999,0.0728,0.611,0.00146
4386.0,0.493,0.324,0.722,-0.0477
4462.0,0.344,0.10099999999999999,0.894,0.22399999999999998
4546.0,0.12,0.139,0.79,-0.46799999999999997
4672.0,0.956,0.369,0.37200000000000005,-0.00115
4717.0,0.8270000000000001,0.102,0.765,0.00263
4741.0,0.721,0.19399999999999998,0.9620000000000001,0.000713
4905.0,0.406,0.172,0.754,0.0685
5015.0,0.18899999999999997,0.308,1.27,0.21
5078.0,0.40399999999999997,0.222,0.7509999999999999,-0.0744
5201.0,0.865,0.41,0.0,0.0
5252.0,0.752,0.0897,0.7070000000000001,0.000123
5496.0,0.47600000000000003,0.11,0.8029999999999999,0.0523
5579.0,0.0,0.355,0.46399999999999997,0.0
5581.0,0.05,0.327,0.6940000000000001,0.128
5601.0,0.878,0.26899999999999996,0.887,-0.00221
5845.0,0.423,0.29100000000000004,0.8740000000000001,-0.138
5884.0,0.591,0.303,0.782,-0.0114
5918.0,0.39899999999999997,0.29600000000000004,0.887,-0.16699999999999998
5991.0,0.8029999999999999,0.22899999999999998,0.95,0.00147
6006.0,1.09,0.204,0.973,-0.00528
6029.0,0.156,0.0348,0.6890000000000001,-0.0723
6223.0,0.991,0.14800000000000002,0.912,-0.0022
6225.0,0.442,0.21100000000000002,0.831,-0.0369
6376.0,0.327,0.20199999999999999,0.40299999999999997,-0.00517
6401.0,0.485,0.335,0.669,-0.0436
6489.0,0.316,0.163,0.49,0.20199999999999999
6521.0,0.2,0.0,0.0,0.0
6557.0,0.826,0.366,0.405,-0.000103
6645.0,0.136,0.363,0.7490000000000001,0.124
6687.0,0.722,0.39399999999999996,0.163,0.000195
6691.0,0.40399999999999997,0.121,0.828,0.139
6823.0,0.0625,0.0678,0.63,-0.122
6848.0,0.9309999999999999,0.303,0.778,-0.00359
7098.0,0.161,0.1,1.13,-0.359
7202.0,0.541,0.35100000000000003,0.526,-0.0129
7332.0,0.22699999999999998,0.25,0.21600000000000003,-0.0909
7592.0,0.336,0.0858,0.9159999999999999,0.203
7844.0,1.01,0.015,0.15,-0.00016299999999999998
7851.0,0.524,0.373,0.35700000000000004,-0.00722
7979.0,0.182,0.322,1.25,0.213
8068.0,0.878,0.28,0.857,-0.00235
8199.0,0.7559999999999999,0.304,0.774,0.00207
8232.0,0.7170000000000001,0.0238,0.235,-0.000256
8346.0,0.63,0.397,0.131,0.000102
8402.0,0.76,0.147,0.909,0.00121
8494.0,1.1,0.105,0.774,-0.0042
8578.0,1.09,0.0255,0.257,-0.0032600000000000003
8655.0,0.633,0.315,0.723,-0.00157
8754.0,0.47,0.263,0.888,-0.085
8791.0,0.434,0.244,0.848,-0.1
8823.0,0.142,0.23,0.319,0.37
8955.0,1.07,0.34,0.575,-0.0054600000000000004
9171.0,0.32799999999999996,0.21100000000000002,0.418,-0.0535
9211.0,0.314,0.0349,0.616,0.058
9254.0,0.8240000000000001,0.14400000000000002,0.902,0.00316
9319.0,0.249,0.079,1.18,0.139
9440.0,0.6859999999999999,0.096,0.738,-0.00252
9496.0,1.02,0.342,0.5670000000000001,-0.00398
9522.0,0.735,0.39399999999999996,0.163,0.000101
9794.0,0.552,0.114,0.8109999999999999,0.0108
9941.0,1.05,0.239,0.9470000000000001,-0.00626
9971.0,1.01,0.33799999999999997,0.593,-0.00402
10059.0,0.755,0.18899999999999997,0.9590000000000001,0.0018399999999999998
10108.0,0.247,0.26,0.5479999999999999,-0.233
10153.0,0.319,0.127,0.79,0.281
10203.0,0.6940000000000001,0.212,0.9620000000000001,-1.04e-05
10368.0,0.192,0.0472,0.97,-0.0607
10375.0,0.462,0.27899999999999997,0.8759999999999999,-0.0961
10500.0,0.213,0.00891,0.256,0.000227
10534.0,0.322,0.0997,0.938,0.253
10603.0,0.6679999999999999,0.295,0.809,0.0011300000000000001
10637.0,0.267,0.0531,0.9840000000000001,0.10300000000000001
10712.0,0.12300000000000001,0.159,0.593,-0.42100000000000004
10727.0,0.88,0.151,0.9159999999999999,0.0022
10737.0,1.08,0.0432,0.40700000000000003,-0.00672
10813.0,0.716,0.36,0.444,0.00101
10934.0,0.316,0.16899999999999998,0.444,0.175
11063.0,0.675,0.0435,0.402,-0.00128
11242.0,0.75,0.0426,0.397,-2.3399999999999998e-07
11312.0,0.5,0.32,0.736,-0.0459
11327.0,0.297,0.0244,0.499,0.0321
11541.0,0.965,0.20600000000000002,0.9690000000000001,-0.0031899999999999997
11556.0,0.79,0.025,0.24600000000000002,0.000136
11894.0,0.474,0.259,0.892,-0.0798
11910.0,0.665,0.312,0.736,0.00128
11921.0,0.99,0.272,0.883,-0.00551
12149.0,0.909,0.21100000000000002,0.965,-0.00126
12203.0,0.708,0.0875,0.695,-0.0016300000000000002
12352.0,0.675,0.102,0.765,-0.00298
12437.0,0.537,0.18100000000000002,0.935,-0.0034
12603.0,0.865,0.10800000000000001,0.787,0.00247
12607.0,0.67,0.39399999999999996,0.156,0.000205
12787.0,0.20800000000000002,0.0579,1.11,-0.0336
13018.0,0.295,0.0378,0.7140000000000001,0.0682
13031.0,0.982,0.391,0.18,-0.000394
13064.0,0.248,0.3,1.15,-0.188
13100.0,0.606,0.00926,0.0932,-0.00010700000000000001
13341.0,0.934,0.0614,0.5329999999999999,0.00034500000000000004
14038.0,1.06,0.371,0.35100000000000003,-0.0008150000000000001
14063.0,0.731,0.147,0.909,-0.000229
14130.0,0.846,0.18899999999999997,0.96,0.0020800000000000003
14162.0,0.434,0.0415,0.446,0.0255
14175.0,0.132,0.28,0.9740000000000001,0.514
14195.0,0.467,0.139,0.855,0.0563
14209.0,1.06,0.266,0.898,-0.00671
14235.0,0.934,0.268,0.8909999999999999,-0.00379
14322.0,0.6559999999999999,0.35,0.518,0.0009449999999999999
14323.0,0.494,0.20199999999999999,0.9079999999999999,-0.0183
14418.0,0.61,0.295,0.812,-0.007209999999999999
14552.0,0.65,0.106,0.7809999999999999,-0.00305
14649.0,0.768,0.122,0.843,0.00133
14839.0,1.04,0.17300000000000001,0.955,-0.00386
14868.0,0.941,0.359,0.452,-0.00151
14903.0,0.1,0.174,0.6409999999999999,-0.215
14919.0,0.7290000000000001,0.125,0.851,-0.000659
15019.0,0.7509999999999999,0.0279,0.272,3.85e-07
15056.0,1.07,0.256,0.9209999999999999,-0.00619
15200.0,0.9890000000000001,0.20800000000000002,0.9690000000000001,-0.00418
15229.0,0.506,0.305,0.799,-0.0507
15472.0,0.81,0.21600000000000003,0.9590000000000001,0.0016300000000000002
15530.0,0.301,0.1,0.981,0.272
15689.0,0.615,0.171,0.9470000000000001,-0.00451
15758.0,0.619,0.188,0.961,-0.0057
15771.0,0.647,0.006409999999999999,0.0652,-8.83e-05
15854.0,0.5670000000000001,0.345,0.5589999999999999,-0.00926
15921.0,1.04,0.23600000000000002,0.951,-0.0061200000000000004
16118.0,0.0537,0.316,0.755,0.159
16213.0,0.619,0.0673,0.574,-0.00115
16435.0,0.00988,0.281,0.863,0.0376
16557.0,0.302,0.0248,0.493,0.0329
16709.0,0.616,0.0609,0.53,-0.000973
16719.0,0.599,0.266,0.898,-0.012
16745.0,0.473,0.18899999999999997,0.879,3.3e-05
16807.0,0.624,0.23399999999999999,0.9490000000000001,-0.00657
16812.0,0.652,0.11199999999999999,0.807,-0.00321
16909.0,0.777,0.0854,0.684,0.00101
16940.0,0.519,0.0598,0.5329999999999999,0.0121
17347.0,1.02,0.225,0.961,-0.00548
17391.0,0.298,0.369,0.77,-0.0709
17525.0,0.405,0.0259,0.322,0.0157
17654.0,0.7390000000000001,0.295,0.809,0.00252
17947.0,0.736,0.28800000000000003,0.8320000000000001,0.00256
18185.0,0.735,0.11900000000000001,0.83,-0.000454
18261.0,0.0,0.12,0.828,0.0
18299.0,0.303,0.386,0.484,-0.0274
18560.0,0.9440000000000001,0.215,0.965,-0.00279
18566.0,0.395,0.41,0.0,0.0
18581.0,0.14400000000000002,0.28300000000000003,1.03,0.508
18675.0,0.113,0.0308,0.47700000000000004,-0.0606
18838.0,0.113,0.317,0.9329999999999999,0.324
18994.0,0.7659999999999999,0.0512,0.46399999999999997,0.000324
19004.0,0.531,0.0602,0.5329999999999999,0.00963
19176.0,0.0807,0.076,0.726,-0.185
19214.0,0.456,0.233,0.871,-0.0696
19250.0,0.0,0.405,0.048,0.0
