manuscript_location,experiment,code_paths,result_paths,key_settings,provenance,statistical_convention,mapping_notes
Section 3.1; Figs. 3-4; Table 1,Original heat PIHCQNN,original_code/src/PIHCQNN_Forward_Problem_Heat.py,Original manuscript summaries and figures,10 qubits; n=2; width=10; 50000 Adam updates; lr=0.002; 50x50 training lattice; residual weight=3e-7,original author code,Original PIHCQNN mean over five runs; evaluation on training lattice,Archived source preserved byte-for-byte; release contains the recovered Python archive and source files
Section 3.1; Table 1,Repeated heat tanh PINNs,supplementary/reviewer1_experiments/classical_baselines.py,"supplementary/reviewer2_experiments/results/heat_pinn/{tanh5,tanh6}_seed[0-4].json;supplementary/publication_results/table01_heat_supplementary_repeats.csv",width=10; 50000 Adam updates; lr=0.002; 50x50 residual grid; 101x201 evaluation grid,supplementary repeats,mean and sample SD; ddof=1; five seeds,Table 1 combines original PIHCQNN summary with repeated classical runs using the stated evaluation grids
Section 3.2; Figs. 5-6,Original Poisson source and plots,"original_code/src/{PIHCQNN_Forward_Problem_Poisson,PINN_Forward_Problem_Poisson,Plot_Forward_Problem_Poisson}.py",Original manuscript figures,5 qubits; n=2; width=5; 5000 Adam updates; lr=0.002; 40x40 residual grid,original author code,Figure records retained from original manuscript,Recovered original source uses the legacy PennyLane backend
Section 3.2; Table 2,Repeated Poisson comparisons,supplementary/reviewer1_experiments/poisson_experiment.py;supplementary/reviewer1_experiments/classical_baselines.py;supplementary/reviewer1_experiments/quantum_layer.py,"supplementary/reviewer2_experiments/results/poisson_qpinn/seed[0-4].json;supplementary/reviewer2_experiments/results/poisson_pinn/{tanh5,tanh6}_seed[0-4].json;supplementary/publication_results/table02_poisson_repeats.csv",5 qubits; n=2; width=5; 5000 Adam updates; lr=0.002; 201x201 evaluation,supplementary repeats,mean and sample SD; ddof=1; five seeds,Repeated PIHCQNN uses ManualQVC batched PyTorch statevector
Section 3.3; Figs. 7-9; Table 3,Original inverse constant EA,"original_code/src/{PIHCQNN_Inverse_Problem,PINN_Inverse_Problem,Plot_Inverse_Problem}.py",Original manuscript summaries and figures,5 qubits; n=1; width=5; 20000 Adam updates; lr=0.005; EA trained jointly,original author code,Original manuscript mean and sample SD over three runs,Original historical summaries remain in manuscript; current release preserves recovered source
Section 3.4; Fig. 10,Original flow comparison,Original flow implementation outside recovered PIHCQNN.rar,Original manuscript flow values and figure,40000 Adam updates; lr=0.0004,original manuscript result,Original reported result,Supplementary flow code below corresponds to the common-observation comparison
Section 3.4 supplementary comparison,Common-observation flow PINNs,supplementary/flow_reproduction_20261007/convergence_train.py;supplementary/flow_reproduction_20261007/flow_core.py,"supplementary/reviewer_supplement_20261007/flow_controls/{pinn5,pinn6}/{data_initialization,physics_training}/;supplementary/publication_results/flow_common_observation_final.csv","seed=1234; 193 fixed u,v observations; 1024 residual points; float64; L-BFGS 1500 data+2600 physics outer updates; data weight=100; final heldout=19145 rows",supplementary experiment,single seed; final held-out relative L2 percentages,PINN5 391 parameters; PINN6 521 parameters; shared fixed observation indices and hard geometry
Section 3.4 supplementary comparison,Common-observation flow PIHCQNN,supplementary/flow_reproduction_20261007/convergence_train.py;supplementary/flow_reproduction_20261007/convergence_lbfgs_graph.py;supplementary/flow_reproduction_20261007/convergence_quantum.py,"supplementary/flow_reproduction_20261007/convergence/{pihcqnn_capacity_193,pihcqnn_rms100_physics,pihcqnn_rms100_physics_graph}/;supplementary/publication_results/flow_common_observation_final.csv","seed=1234; 193 fixed u,v observations; 536 parameters; float64/complex128; 1500 data+600 physics+2000 resumed physics updates; data weight=100; five qubits; n=2; classical width=20",supplementary experiment,single seed; final held-out relative L2 percentages,600-update physics history plus resumed graph continuation retains optimizer state; total closure calls=8712
Section 3.4 supplementary comparison; R4.2,Flow reference data and sample indices,supplementary/flow_reproduction_20261007/flow_core.py,supplementary/flow_reproduction_20261007/convergence/pihcqnn_capacity_193/;supplementary/flow_reproduction_20261007/source/,19340 reference rows; 19200 distinct coordinates; 193 observations without replacement; RandomState1234; 19145 heldout rows,supplementary protocol,deterministic observation subset and evaluation indices,Final checkpoint packages store points/protocol; source metadata attributes the Rao implementation and reference
Section 3.5.1; Table 4,Modern heat baselines,supplementary/reviewer1_experiments/classical_baselines.py;supplementary/reviewer1_experiments/common.py,"supplementary/reviewer1_experiments/results/heat/{tanh5,siren,adaptive,fourier,lossbalance}_seed[0-2].json;supplementary/publication_results/table04_modern_baselines.csv",50000 updates; width=10; 50x50 residual grid; Fourier frequency scale=4.0,supplementary experiment,mean and population SD; ddof=0; three seeds,PIHCQNN comparison value comes from original Table 1
Section 3.5.1; Table 4,Modern Poisson baselines,supplementary/reviewer1_experiments/classical_baselines.py;supplementary/reviewer1_experiments/common.py,"supplementary/reviewer1_experiments/results/poisson/{tanh5,tanh6,siren,adaptive,lossbalance}_seed[0-2].json;supplementary/reviewer1_experiments/results/poisson_variants/fourier05_seed[0-2].json;supplementary/publication_results/table04_modern_baselines.csv",5000 updates; width=5; 40x40 residual grid; final Fourier frequency scale=0.5,supplementary experiment,classical mean and population SD; ddof=0; three seeds,Final Fourier variant uses poisson_variants/fourier05; PIHCQNN Table 2 uses sample SD over five runs
Section 3.5.1; Table 4,Modern inverse EA baselines,supplementary/reviewer1_experiments/classical_baselines.py;supplementary/reviewer1_experiments/common.py,"supplementary/reviewer1_experiments/results/inverse/{tanh2,siren,adaptive,lossbalance}_seed[0-2].json;supplementary/reviewer1_experiments/results/inverse_variants/fourier05_seed[0-2].json;supplementary/publication_results/table04_modern_baselines.csv",20000 updates; width=5; final Fourier frequency scale=0.5; joint EA fitting,supplementary experiment,classical mean and population SD; ddof=0; three seeds,Final Fourier variant uses inverse_variants/fourier05; PIHCQNN reference remains original Table 3
Section 3.5.2; Table 5,Parameters and recorded training costs,Code paths in repeated and modern baseline rows,supplementary/publication_results/table05_and_supplementary_recorded_costs.csv;supplementary/reviewer1_experiments/tables/r2_1_layer_parameters.csv,parameter counts and elapsed_s from archived individual JSON,supplementary records plus original manuscript timings,SD convention follows experiment group,Exporter covers recorded supplementary costs; approximate original heat PIHCQNN and inverse timings remain manuscript-reported values
Section 3.5.3; Table 6; Section 4 diagnostics,Data-reuploading and frequency fitting,supplementary/reviewer1_experiments/fourier_diagnostic.py;supplementary/reviewer1_experiments/analyze_fourier.py,"supplementary/reviewer1_experiments/results/fourier/{f135,f1715}_{pih1,pih2,pih3,fcnn5,fcnn7,fourier}_seed[0-2].json;supplementary/publication_results/table06_frequency_diagnostics.csv","201 labelled points in [-pi,pi]; 1500 updates; targets f135 and f1715; n=1,2,3; seeds0,1,2; ten qubits; width20; Adam lr0.002",supplementary diagnostic,mean and population SD; ddof=0; three seeds,High-frequency amplitude ratio and threshold steps included; below-half runs recorded as censored
Section 3.5.4; Table 7,Boundary/collocation/weighting controls,supplementary/reviewer11_experiments/elastostatic_forward.py,supplementary/reviewer11_experiments/results/elastostatic_core/;supplementary/publication_results/table07_elastostatic_controls.csv,1000 Adam updates; lr=0.005; width=5; qubits=5; n=1; 201 evaluation points; three seeds,supplementary experiment,mean and sample SD; ddof=1,Soft/hard boundaries; uniform/adaptive collocation; fixed/gradient-norm-balanced losses; recorded RTX4070 times
Section 3.5.4 fixed-weight paragraph,Fixed boundary weight study,supplementary/reviewer_supplement_20261007/fixed_weights/train_fixed_weights.py,supplementary/reviewer_supplement_20261007/fixed_weights/runs/;supplementary/publication_results/fixed_weight_study_cpu.csv,"lambdaBC=0.1,1,10; seeds0,1,2; 1000 Adam updates; lr=0.005; CPU float32; 100 fixed residual points; 201 evaluation points",supplementary experiment,mean and sample SD; ddof=1,18 fresh runs; result.json contains step-wise finite checks; CPU timings are separate from Table7 GPU recordings
Section 3.5.5; Table 8,Hyperparameter sensitivity,supplementary/reviewer11_experiments/elastostatic_forward.py,supplementary/reviewer11_experiments/results/sensitivity/;supplementary/publication_results/table08_sensitivity_and_ansatz.csv,"hard BC; 500 Adam updates; seeds0,1; vary lr/qubits/width/n one factor at a time",supplementary experiment,mean and sample SD; ddof=1,14 tested groups; full configurations available in individual JSON
Section 3.5.5; Table 8 ansatz rows,Ansatz comparison,supplementary/reviewer11_experiments/ansatz_sensitivity.py,"supplementary/reviewer11_experiments/results/ansatz/{full,ry,ryrz}_seed[0-1].json;supplementary/publication_results/table08_sensitivity_and_ansatz.csv","600 updates; hard BC; width5; five qubits; n1; seeds0,1",supplementary experiment,mean and sample SD; ddof=1,"Full Rot, RY and RZ-RY alternatives with circuit entanglement"
Section 3.5.5; Table 9 initialization columns,Circuit-only initialization gradients,supplementary/reviewer11_experiments/gradient_scaling.py,supplementary/reviewer11_experiments/results/gradient_scaling.json;supplementary/publication_results/table09_gradient_diagnostics.csv,"n=3 proxy; 50 initializations; new batch of16 inputs per initialization; qubits2,4,6,10",supplementary diagnostic,mean log10 norm and sample SD; ddof=1,Proxy loss is mean squared Pauli-Z output; output variance remains in native units
Section 3.5.5; Table 9 training columns,Full physics-loss training gradients,supplementary/reviewer11_experiments/elastostatic_forward.py;supplementary/reviewer_supplement_20261007/gradient_audit/audit_training_gradients.py,"supplementary/reviewer11_experiments/results/sensitivity/q{2,4,6,10}_seed[0-1].json;supplementary/publication_results/table09_gradient_diagnostics.csv","n=1; hard BC; width5; lr0.005; 500 updates; seeds0,1; last stored gradient immediately before final update",supplementary archived diagnostic,mean and sample SD; ddof=1,Ten-qubit quantum-gradient SD=44.07814788313004; rounds to44.078
Section 3.5.5; R11.3/R11.8/R11.12,Full training audit and solution spread,supplementary/reviewer_supplement_20261007/gradient_audit/audit_training_gradients.py,supplementary/reviewer_supplement_20261007/gradient_audit/;supplementary/reviewer11_experiments/results/reviewer11_trivial_solution_summary.json,40 runs; 390 stored checkpoints; 225 hybrid quantum-gradient checkpoints,supplementary archived audit,checkpoint descriptive statistics; sample SD where computed,Weighted objective reconstructed from stored residual/boundary terms and weights; original records retained
Section 3.5.6; Table 10,Classical numerical solvers,supplementary/reviewer11_experiments/classical_baselines.py,supplementary/reviewer11_experiments/results/classical_baselines.json;supplementary/publication_results/table10_classical_solvers.csv,bar FEM200elements; Poisson FD201x201; heat FD201points/10001steps,supplementary numerical solutions,individual deterministic solution,Heat error evaluated at final time; ratios multiplied by100 for manuscript percentages
Section 3.5.6 energy method paragraph,Deep energy method,supplementary/reviewer11_experiments/dem_1d.py,supplementary/reviewer11_experiments/results/dem_1d_seed[0-2].json;supplementary/publication_results/dem_energy_method.csv,76 parameters; hard BC; energy quadrature401points; evaluation201points; 5000 Adam updates; lr0.005,supplementary experiment,mean and sample SD; ddof=1; three seeds,The archived DEM individual results record errors and model size
Section 3.5.6; Table 11,Three-coefficient inverse neural models,supplementary/reviewer11_experiments/variable_inverse.py,"supplementary/reviewer11_experiments/results/variable_inverse_{pinn,qpinn}_seed[0-2].json;supplementary/publication_results/table11_variable_inverse.csv","theta=(0.2,-0.1,0.05); 50observations; 101residualpoints; 201evalpoints; 5000Adam lr0.005; Lres+10Ldata",supplementary experiment,mean and sample SD; ddof=1; three seeds,Coefficient-vector and displacement relative errors are separately reported
Section 3.5.6; Table 11,FEM-adjoint inverse baseline,supplementary/reviewer11_experiments/fem_adjoint_inverse.py;supplementary/export_results.py,supplementary/reviewer11_experiments/results/variable_inverse_fem_adjoint.json;supplementary/publication_results/table11_variable_inverse.csv;supplementary/publication_results/table11_fem_reconstructed_displacement.csv,100linear elements; 50observations; BFGS zero initialization; gtol1e-12; maxiter1000; converged16objective evaluations,supplementary experiment and field reconstruction,one deterministic inverse fit,Exporter reconstructs displacement from converged coefficients with the same FEM and interpolates to201points
Section 4; Fig. 11,Original frequency convergence figure,Original figure implementation outside recovered PIHCQNN.rar,Original manuscript figure; supplementary frequency histories in supplementary/reviewer1_experiments/results/fourier/,201 labelled points; ten qubits; n=2; encoder1-20-10; readout10-20-1; classical5/6/7/8-layer controls,original manuscript figure with supplementary Table6 diagnostics,Figure shows original convergence curves; Table6 uses three seeds and population SD,Table6 and export_results cover the supplementary 1500-update diagnostic histories
Section 4; Fig. 12,Original forward elastostatic comparison,Original forward-bar implementation outside recovered PIHCQNN.rar; supplementary forward implementation at supplementary/reviewer11_experiments/elastostatic_forward.py,Original manuscript figure and reported means,Same architecture as original inverse case with EA fixed; exact solution sin(2pi*x),original manuscript result,Original manuscript averages three runs,Supplementary boundary and weighting studies are separately mapped to Table7 and the fixed-weight paragraph
