suite,model,bc,sampling,weighting,qubits,lr,n_rep,metric,checkpoint_location,n_seeds,min,max,mean,median,sample_sd
core,pinn,hard,adaptive,fixed,5,0.005,1,grad_q,first,3,0.0,0.0,0.0,0.0,0.0
core,pinn,hard,adaptive,fixed,5,0.005,1,grad_q,mid,3,0.0,0.0,0.0,0.0,0.0
core,pinn,hard,adaptive,fixed,5,0.005,1,grad_q,end,3,0.0,0.0,0.0,0.0,0.0
core,pinn,hard,adaptive,fixed,5,0.005,1,grad_classical,first,3,38.84083624982508,153.066118437937,95.43148717113758,94.38750682565063,57.11979686553316
core,pinn,hard,adaptive,fixed,5,0.005,1,grad_classical,mid,3,124.27989566846875,262.12265355128915,171.05420234512914,126.76005781562952,78.87734088371394
core,pinn,hard,adaptive,fixed,5,0.005,1,grad_classical,end,3,2.82455312588895,4.342811707476938,3.398963541781073,3.0295257919773313,0.8237963755543182
core,pinn,hard,adaptive,fixed,5,0.005,1,grad_total,first,3,38.84083624982508,153.066118437937,95.43148717113758,94.38750682565063,57.11979686553316
core,pinn,hard,adaptive,fixed,5,0.005,1,grad_total,mid,3,124.27989566846875,262.12265355128915,171.05420234512914,126.76005781562952,78.87734088371394
core,pinn,hard,adaptive,fixed,5,0.005,1,grad_total,end,3,2.82455312588895,4.342811707476938,3.398963541781073,3.0295257919773313,0.8237963755543182
core,pinn,hard,adaptive,fixed,5,0.005,1,objective_reconstructed,first,3,1163.41455078125,1203.37646484375,1177.6199951171875,1166.0689697265625,22.345207194515034
core,pinn,hard,adaptive,fixed,5,0.005,1,objective_reconstructed,mid,3,71.40348815917969,100.91799926757812,82.74306233723958,75.90769958496094,15.900258785893154
core,pinn,hard,adaptive,fixed,5,0.005,1,objective_reconstructed,end,3,42.757205963134766,46.57479476928711,45.29169845581055,46.543094635009766,2.194992111876651
core,pinn,hard,adaptive,fixed,5,0.005,1,lf,first,3,1163.41455078125,1203.37646484375,1177.6199951171875,1166.0689697265625,22.345207194515034
core,pinn,hard,adaptive,fixed,5,0.005,1,lf,mid,3,71.40348815917969,100.91799926757812,82.74306233723958,75.90769958496094,15.900258785893154
core,pinn,hard,adaptive,fixed,5,0.005,1,lf,end,3,42.757205963134766,46.57479476928711,45.29169845581055,46.543094635009766,2.194992111876651
core,pinn,hard,adaptive,fixed,5,0.005,1,lb,first,3,0.0,0.0,0.0,0.0,0.0
core,pinn,hard,adaptive,fixed,5,0.005,1,lb,mid,3,0.0,0.0,0.0,0.0,0.0
core,pinn,hard,adaptive,fixed,5,0.005,1,lb,end,3,0.0,0.0,0.0,0.0,0.0
core,pinn,hard,adaptive,fixed,5,0.005,1,rel_l2_51,first,3,0.9990369081497192,1.0214293003082275,1.00771959622701,1.0026925802230835,0.012012825399251692
core,pinn,hard,adaptive,fixed,5,0.005,1,rel_l2_51,mid,3,0.04060248285531998,0.10664490610361099,0.06821917742490768,0.057410143315792084,0.03432239547155211
core,pinn,hard,adaptive,fixed,5,0.005,1,rel_l2_51,end,3,0.1572418063879013,0.17816779017448425,0.1710936576128006,0.17787137627601624,0.0119969705370714
core,pinn,hard,adaptive,fixed,5,0.005,1,pred_std,first,3,0.0007100616348907351,0.04792370647192001,0.021201201675770182,0.014969836920499802,0.024215790194296878
core,pinn,hard,adaptive,fixed,5,0.005,1,pred_std,mid,3,0.6690511107444763,0.7040857076644897,0.685880164305369,0.6845036745071411,0.017557812747048613
core,pinn,hard,adaptive,fixed,5,0.005,1,pred_std,end,3,0.5847841501235962,0.6016252636909485,0.5905382831891378,0.5852054357528687,0.009603917059252752
core,pinn,hard,adaptive,fixed,5,0.005,1,pred_norm,first,3,0.011071663349866867,1.612989902496338,0.7121283349891504,0.5123234391212463,0.8194370070585784
core,pinn,hard,adaptive,fixed,5,0.005,1,pred_norm,mid,3,9.46310806274414,10.00238037109375,9.71612294514974,9.682880401611328,0.2711686848879428
core,pinn,hard,adaptive,fixed,5,0.005,1,pred_norm,end,3,8.270633697509766,8.519148826599121,8.357626914978027,8.283098220825195,0.1400208450041262
core,pinn,hard,uniform,fixed,5,0.005,1,grad_q,first,3,0.0,0.0,0.0,0.0,0.0
core,pinn,hard,uniform,fixed,5,0.005,1,grad_q,mid,3,0.0,0.0,0.0,0.0,0.0
core,pinn,hard,uniform,fixed,5,0.005,1,grad_q,end,3,0.0,0.0,0.0,0.0,0.0
core,pinn,hard,uniform,fixed,5,0.005,1,grad_classical,first,3,16.286444798318655,89.20237348512408,43.53443355421395,25.114482379199092,39.795151903621026
core,pinn,hard,uniform,fixed,5,0.005,1,grad_classical,mid,3,2.1719792068958172,2.3311205534064086,2.264096254334238,2.2891890027004886,0.08248470499268333
core,pinn,hard,uniform,fixed,5,0.005,1,grad_classical,end,3,1.7054446520673334,1.7436001253178524,1.7296859096539259,1.7400129515765916,0.0210700232770906
core,pinn,hard,uniform,fixed,5,0.005,1,grad_total,first,3,16.286444798318655,89.20237348512408,43.53443355421395,25.114482379199092,39.795151903621026
core,pinn,hard,uniform,fixed,5,0.005,1,grad_total,mid,3,2.1719792068958172,2.3311205534064086,2.264096254334238,2.2891890027004886,0.08248470499268333
core,pinn,hard,uniform,fixed,5,0.005,1,grad_total,end,3,1.7054446520673334,1.7436001253178524,1.7296859096539259,1.7400129515765916,0.0210700232770906
core,pinn,hard,uniform,fixed,5,0.005,1,objective_reconstructed,first,3,786.1390991210938,804.549072265625,793.4413045247396,789.6357421875,9.777193171997409
core,pinn,hard,uniform,fixed,5,0.005,1,objective_reconstructed,mid,3,10.191990852355957,10.631112098693848,10.452807426452637,10.535319328308105,0.2308961405203441
core,pinn,hard,uniform,fixed,5,0.005,1,objective_reconstructed,end,3,7.890672206878662,8.743410110473633,8.295852184295654,8.253474235534668,0.42794555840991966
core,pinn,hard,uniform,fixed,5,0.005,1,lf,first,3,786.1390991210938,804.549072265625,793.4413045247396,789.6357421875,9.777193171997409
core,pinn,hard,uniform,fixed,5,0.005,1,lf,mid,3,10.191990852355957,10.631112098693848,10.452807426452637,10.535319328308105,0.2308961405203441
core,pinn,hard,uniform,fixed,5,0.005,1,lf,end,3,7.890672206878662,8.743410110473633,8.295852184295654,8.253474235534668,0.42794555840991966
core,pinn,hard,uniform,fixed,5,0.005,1,lb,first,3,0.0,0.0,0.0,0.0,0.0
core,pinn,hard,uniform,fixed,5,0.005,1,lb,mid,3,0.0,0.0,0.0,0.0,0.0
core,pinn,hard,uniform,fixed,5,0.005,1,lb,end,3,0.0,0.0,0.0,0.0,0.0
core,pinn,hard,uniform,fixed,5,0.005,1,rel_l2_51,first,3,0.9990285634994507,1.0218819379806519,1.0078763961791992,1.0027186870574951,0.012268685904879402
core,pinn,hard,uniform,fixed,5,0.005,1,rel_l2_51,mid,3,0.012351670302450657,0.013997005298733711,0.013162265531718731,0.013138120993971825,0.000822933187765385
core,pinn,hard,uniform,fixed,5,0.005,1,rel_l2_51,end,3,0.010927459225058556,0.011868273839354515,0.011381053055326143,0.011347426101565361,0.0004713078756318805
core,pinn,hard,uniform,fixed,5,0.005,1,pred_std,first,3,0.0007056092726998031,0.04913691058754921,0.021975580040210236,0.0160842202603817,0.024747299384053394
core,pinn,hard,uniform,fixed,5,0.005,1,pred_std,mid,3,0.6977771520614624,0.6988030076026917,0.6983489195505778,0.6984665989875793,0.0005229543338451638
core,pinn,hard,uniform,fixed,5,0.005,1,pred_std,end,3,0.6996665000915527,0.7004567384719849,0.7001394430796305,0.700295090675354,0.00041747910728307246
core,pinn,hard,uniform,fixed,5,0.005,1,pred_norm,first,3,0.011179517954587936,1.6547755002975464,0.7388430076340834,0.550574004650116,0.8378161202835092
core,pinn,hard,uniform,fixed,5,0.005,1,pred_norm,mid,3,9.868094444274902,9.882573127746582,9.876174290974935,9.87785530090332,0.007384268044482838
core,pinn,hard,uniform,fixed,5,0.005,1,pred_norm,end,3,9.89477825164795,9.906137466430664,9.901565869649252,9.90378189086914,0.005995081538662479
core,pinn,soft,adaptive,fixed,5,0.005,1,grad_q,first,3,0.0,0.0,0.0,0.0,0.0
core,pinn,soft,adaptive,fixed,5,0.005,1,grad_q,mid,3,0.0,0.0,0.0,0.0,0.0
core,pinn,soft,adaptive,fixed,5,0.005,1,grad_q,end,3,0.0,0.0,0.0,0.0,0.0
core,pinn,soft,adaptive,fixed,5,0.005,1,grad_classical,first,3,1.6720898560554167,39.67537698708974,14.959929108746161,3.532320483093323,21.4244051811662
core,pinn,soft,adaptive,fixed,5,0.005,1,grad_classical,mid,3,333.81857796124837,784.3521285373494,606.8056642436239,702.2462862322741,239.95167074405285
core,pinn,soft,adaptive,fixed,5,0.005,1,grad_classical,end,3,4.16038453415075,5.853593114316324,5.142254570875596,5.412786064159715,0.8784243226541948
core,pinn,soft,adaptive,fixed,5,0.005,1,grad_total,first,3,1.6720898560554167,39.67537698708974,14.959929108746161,3.532320483093323,21.4244051811662
core,pinn,soft,adaptive,fixed,5,0.005,1,grad_total,mid,3,333.81857796124837,784.3521285373494,606.8056642436239,702.2462862322741,239.95167074405285
core,pinn,soft,adaptive,fixed,5,0.005,1,grad_total,end,3,4.16038453415075,5.853593114316324,5.142254570875596,5.412786064159715,0.8784243226541948
core,pinn,soft,adaptive,fixed,5,0.005,1,objective_reconstructed,first,3,1108.333299279213,1180.7508948147297,1151.2350679791805,1164.6210098435986,38.01926637225672
core,pinn,soft,adaptive,fixed,5,0.005,1,objective_reconstructed,mid,3,44.94995880126953,49.42060089111328,46.93767229715983,46.44245719909668,2.2760906548032955
core,pinn,soft,adaptive,fixed,5,0.005,1,objective_reconstructed,end,3,25.64036798477173,26.165428161621094,25.93425480524699,25.996968269348145,0.2680891293263247
core,pinn,soft,adaptive,fixed,5,0.005,1,lf,first,3,1107.5286865234375,1180.646484375,1150.931884765625,1164.6204833984375,38.43288162580535
core,pinn,soft,adaptive,fixed,5,0.005,1,lf,mid,3,21.45903778076172,28.19175148010254,24.50942611694336,23.87748908996582,3.4105522637648873
core,pinn,soft,adaptive,fixed,5,0.005,1,lf,end,3,3.347029685974121,6.629957675933838,5.367435296376546,6.12531852722168,1.7678219057677813
core,pinn,soft,adaptive,fixed,5,0.005,1,lb,first,3,0.0005264451610855758,0.8046127557754517,0.3031832135554093,0.10441043972969055,0.4373461563111461
core,pinn,soft,adaptive,fixed,5,0.005,1,lb,mid,3,21.228849411010742,23.490921020507812,22.428246180216473,22.56496810913086,1.1372166266845203
core,pinn,soft,adaptive,fixed,5,0.005,1,lb,end,3,19.01041030883789,22.649938583374023,20.56681950887044,20.040109634399414,1.8760620949707276
core,pinn,soft,adaptive,fixed,5,0.005,1,rel_l2_51,first,3,0.9942117929458618,1.391339898109436,1.1453746159871419,1.050572156906128,0.21486812854296986
core,pinn,soft,adaptive,fixed,5,0.005,1,rel_l2_51,mid,3,2.667600393295288,2.839519739151001,2.7595036824544272,2.771390914916992,0.08657392847490723
core,pinn,soft,adaptive,fixed,5,0.005,1,rel_l2_51,end,3,2.549609422683716,2.80615496635437,2.656477133433024,2.6136670112609863,0.13352315872015047
core,pinn,soft,adaptive,fixed,5,0.005,1,pred_std,first,3,0.005366873927414417,0.05113831162452698,0.021362229871253174,0.007581504061818123,0.025810606929928752
core,pinn,soft,adaptive,fixed,5,0.005,1,pred_std,mid,3,2.4232001304626465,2.545635461807251,2.488024870554606,2.495239019393921,0.061535644532032106
core,pinn,soft,adaptive,fixed,5,0.005,1,pred_std,end,3,2.348177433013916,2.5244195461273193,2.420930862426758,2.390195608139038,0.09205331336115777
core,pinn,soft,adaptive,fixed,5,0.005,1,pred_norm,first,3,0.1447620689868927,9.013192176818848,4.0293470323085785,2.930086851119995,4.535255544490866
core,pinn,soft,adaptive,fixed,5,0.005,1,pred_norm,mid,3,34.28295135498047,36.00374984741211,35.19934209187826,35.31132507324219,0.8658475639367
core,pinn,soft,adaptive,fixed,5,0.005,1,pred_norm,end,3,33.20970153808594,35.70817184448242,34.24227650960287,33.808956146240234,1.3043823714558462
core,pinn,soft,uniform,fixed,5,0.005,1,grad_q,first,3,0.0,0.0,0.0,0.0,0.0
core,pinn,soft,uniform,fixed,5,0.005,1,grad_q,mid,3,0.0,0.0,0.0,0.0,0.0
core,pinn,soft,uniform,fixed,5,0.005,1,grad_q,end,3,0.0,0.0,0.0,0.0,0.0
core,pinn,soft,uniform,fixed,5,0.005,1,grad_classical,first,3,1.4114654701755525,27.616885701526353,10.547082409036701,2.6128960554081977,14.795083548125067
core,pinn,soft,uniform,fixed,5,0.005,1,grad_classical,mid,3,3.961525887952939,5.962897138615563,5.032412741214648,5.172815197075442,1.0080458114359316
core,pinn,soft,uniform,fixed,5,0.005,1,grad_classical,end,3,2.664026562119986,18.235588547557608,8.088255788168759,3.3651522548286836,8.79483745765484
core,pinn,soft,uniform,fixed,5,0.005,1,grad_total,first,3,1.4114654701755525,27.616885701526353,10.547082409036701,2.6128960554081977,14.795083548125067
core,pinn,soft,uniform,fixed,5,0.005,1,grad_total,mid,3,3.961525887952939,5.962897138615563,5.032412741214648,5.172815197075442,1.0080458114359316
core,pinn,soft,uniform,fixed,5,0.005,1,grad_total,end,3,2.664026562119986,18.235588547557608,8.088255788168759,3.3651522548286836,8.79483745765484
core,pinn,soft,uniform,fixed,5,0.005,1,objective_reconstructed,first,3,787.0154800584423,790.4374252557755,788.2110811627741,787.1803381741047,1.9298317452322744
core,pinn,soft,uniform,fixed,5,0.005,1,objective_reconstructed,mid,3,23.285885334014893,402.9134273529053,151.55415121714273,28.463140964508057,217.69890966329334
core,pinn,soft,uniform,fixed,5,0.005,1,objective_reconstructed,end,3,19.585139989852905,26.79373550415039,23.62780737876892,24.504546642303467,3.683404148930006
core,pinn,soft,uniform,fixed,5,0.005,1,lf,first,3,787.0149536132812,789.6328125,787.9078979492188,787.075927734375,1.4941308900104602
core,pinn,soft,uniform,fixed,5,0.005,1,lf,mid,3,4.596632480621338,398.17962646484375,136.00404707590738,5.23588228225708,227.0509369745489
core,pinn,soft,uniform,fixed,5,0.005,1,lf,end,3,2.962581157684326,16.338111877441406,7.604003667831421,3.5113179683685303,7.56893405207975
core,pinn,soft,uniform,fixed,5,0.005,1,lb,first,3,0.0005264451610855758,0.8046127557754517,0.3031832135554093,0.10441043972969055,0.4373461563111461
core,pinn,soft,uniform,fixed,5,0.005,1,lb,mid,3,4.733800888061523,23.86650848388672,15.550104141235352,18.050003051757812,9.808274359384546
core,pinn,soft,uniform,fixed,5,0.005,1,lb,end,3,10.455623626708984,21.54196548461914,16.0238037109375,16.073822021484375,5.543340177289788
core,pinn,soft,uniform,fixed,5,0.005,1,rel_l2_51,first,3,0.9942117929458618,1.395815134048462,1.146146337191264,1.0484120845794678,0.21791121815175696
core,pinn,soft,uniform,fixed,5,0.005,1,rel_l2_51,mid,3,2.4037020206451416,2.875864028930664,2.596689144770304,2.5105013847351074,0.24759945073034384
core,pinn,soft,uniform,fixed,5,0.005,1,rel_l2_51,end,3,1.8939647674560547,2.7339999675750732,2.3328846295674643,2.3706891536712646,0.4212916696206869
core,pinn,soft,uniform,fixed,5,0.005,1,pred_std,first,3,0.00536687346175313,0.05132073163986206,0.02171712477381031,0.008463769219815731,0.025684194467490828
core,pinn,soft,uniform,fixed,5,0.005,1,pred_std,mid,3,0.8150635957717896,2.572455644607544,1.902540961901347,2.320103645324707,0.9501976895723176
core,pinn,soft,uniform,fixed,5,0.005,1,pred_std,end,3,1.8930360078811646,2.476125955581665,2.198229988416036,2.2255280017852783,0.2925018938874988
core,pinn,soft,uniform,fixed,5,0.005,1,pred_norm,first,3,0.1447620391845703,9.080077171325684,4.014744758605957,2.819395065307617,4.586023309428204
core,pinn,soft,uniform,fixed,5,0.005,1,pred_norm,mid,3,19.29591941833496,36.38005828857422,29.5113099416097,32.85795211791992,9.020363663766489
core,pinn,soft,uniform,fixed,5,0.005,1,pred_norm,end,3,26.865236282348633,35.01780700683594,31.134113947550457,31.519298553466797,4.089911703193366
core,pinn,soft,uniform,gradnorm,5,0.005,1,grad_q,first,3,0.0,0.0,0.0,0.0,0.0
core,pinn,soft,uniform,gradnorm,5,0.005,1,grad_q,mid,3,0.0,0.0,0.0,0.0,0.0
core,pinn,soft,uniform,gradnorm,5,0.005,1,grad_q,end,3,0.0,0.0,0.0,0.0,0.0
core,pinn,soft,uniform,gradnorm,5,0.005,1,grad_classical,first,3,1.4114654701755525,27.616885701526353,10.547082409036701,2.6128960554081977,14.795083548125067
core,pinn,soft,uniform,gradnorm,5,0.005,1,grad_classical,mid,3,3.7810283991726252,5.922019201847823,4.9401938433675605,5.117533929082233,1.081456209832794
core,pinn,soft,uniform,gradnorm,5,0.005,1,grad_classical,end,3,2.6590597798836137,18.156244296110955,8.06035327680806,3.3657557544296135,8.750435212338898
core,pinn,soft,uniform,gradnorm,5,0.005,1,grad_total,first,3,1.4114654701755525,27.616885701526353,10.547082409036701,2.6128960554081977,14.795083548125067
core,pinn,soft,uniform,gradnorm,5,0.005,1,grad_total,mid,3,3.7810283991726252,5.922019201847823,4.9401938433675605,5.117533929082233,1.081456209832794
core,pinn,soft,uniform,gradnorm,5,0.005,1,grad_total,end,3,2.6590597798836137,18.156244296110955,8.06035327680806,3.3657557544296135,8.750435212338898
core,pinn,soft,uniform,gradnorm,5,0.005,1,objective_reconstructed,first,3,787.0154800584423,790.4374252557755,788.2110811627741,787.1803381741047,1.9298317452322744
core,pinn,soft,uniform,gradnorm,5,0.005,1,objective_reconstructed,mid,3,23.101935702216863,396.62650977004733,149.3233823020449,28.24170143387048,214.18620856520002
core,pinn,soft,uniform,gradnorm,5,0.005,1,objective_reconstructed,end,3,19.404431823848736,27.146549512767706,23.614571719528655,24.292733821969527,3.9153575130705844
core,pinn,soft,uniform,gradnorm,5,0.005,1,lf,first,3,787.0149536132812,789.6328125,787.9078979492188,787.075927734375,1.4941308900104602
core,pinn,soft,uniform,gradnorm,5,0.005,1,lf,mid,3,4.596632480621338,398.17962646484375,136.00404707590738,5.23588228225708,227.0509369745489
core,pinn,soft,uniform,gradnorm,5,0.005,1,lf,end,3,2.906557559967041,16.97835350036621,7.7531553109486895,3.3745548725128174,7.992682065280825
core,pinn,soft,uniform,gradnorm,5,0.005,1,lb,first,3,0.0005264451610855758,0.8046127557754517,0.3031832135554093,0.10441043972969055,0.4373461563111461
core,pinn,soft,uniform,gradnorm,5,0.005,1,lb,mid,3,4.733800888061523,23.86650848388672,15.550104141235352,18.050003051757812,9.808274359384546
core,pinn,soft,uniform,gradnorm,5,0.005,1,lb,end,3,10.270009994506836,21.60143280029297,16.028820673624676,16.21501922607422,5.668005656893194
core,pinn,soft,uniform,gradnorm,5,0.005,1,rel_l2_51,first,3,0.9942117929458618,1.395815134048462,1.146146337191264,1.0484120845794678,0.21791121815175696
core,pinn,soft,uniform,gradnorm,5,0.005,1,rel_l2_51,mid,3,2.4035162925720215,2.875908613204956,2.596664031346639,2.5105671882629395,0.2476855384150974
core,pinn,soft,uniform,gradnorm,5,0.005,1,rel_l2_51,end,3,1.877406120300293,2.7383265495300293,2.332324504852295,2.3812408447265625,0.4325397121609755
core,pinn,soft,uniform,gradnorm,5,0.005,1,pred_std,first,3,0.00536687346175313,0.05132073163986206,0.02171712477381031,0.008463769219815731,0.025684194467490828
core,pinn,soft,uniform,gradnorm,5,0.005,1,pred_std,mid,3,0.81471186876297,2.57248854637146,1.9024510582288106,2.320152759552002,0.9504213515869168
core,pinn,soft,uniform,gradnorm,5,0.005,1,pred_std,end,3,1.880980372428894,2.479132652282715,2.197694023450216,2.232969045639038,0.30063230509444144
core,pinn,soft,uniform,gradnorm,5,0.005,1,pred_norm,first,3,0.1447620391845703,9.080077171325684,4.014744758605957,2.819395065307617,4.586023309428204
core,pinn,soft,uniform,gradnorm,5,0.005,1,pred_norm,mid,3,19.295175552368164,36.380523681640625,29.511435826619465,32.85860824584961,9.02108378065794
core,pinn,soft,uniform,gradnorm,5,0.005,1,pred_norm,end,3,26.701698303222656,35.06032180786133,31.128079096476238,31.622217178344727,4.2011636549935805
core,qpinn,hard,adaptive,fixed,5,0.005,1,grad_q,first,3,9.113033870613968,25.246751409305354,17.42221998000735,17.90687466010272,8.077770609752005
core,qpinn,hard,adaptive,fixed,5,0.005,1,grad_q,mid,3,55.84202288988659,112.72236363322796,81.55819752391733,76.11020604863742,28.828870062936854
core,qpinn,hard,adaptive,fixed,5,0.005,1,grad_q,end,3,0.153428346913018,0.8978728486166444,0.4212803243658732,0.2125397775679572,0.4137980980349111
core,qpinn,hard,adaptive,fixed,5,0.005,1,grad_classical,first,3,85.96692101295199,96.84083314170722,92.38478990243414,94.3466155526432,5.6962321895562
core,qpinn,hard,adaptive,fixed,5,0.005,1,grad_classical,mid,3,123.2197541879112,241.4141277120827,186.79500326400233,195.75112789201313,59.60399826737455
core,qpinn,hard,adaptive,fixed,5,0.005,1,grad_classical,end,3,0.4665656139121957,3.541530227243334,1.566971510200399,0.6928186894456669,1.7137558778410567
core,qpinn,hard,adaptive,fixed,5,0.005,1,grad_total,first,3,86.44859105141092,100.0776969174613,94.18574020750918,96.03093265365533,6.999405906895837
core,qpinn,hard,adaptive,fixed,5,0.005,1,grad_total,mid,3,135.28281244328076,266.43406749522,203.9145685637386,210.02682575271504,65.78892529432937
core,qpinn,hard,adaptive,fixed,5,0.005,1,grad_total,end,3,0.5126954545672321,3.653575235678224,1.6252916003525755,0.7096041108122704,1.7593021723750095
core,qpinn,hard,adaptive,fixed,5,0.005,1,objective_reconstructed,first,3,1116.0303955078125,1199.5936279296875,1169.6810302734375,1193.4190673828125,46.56526879072668
core,qpinn,hard,adaptive,fixed,5,0.005,1,objective_reconstructed,mid,3,50.01922607421875,86.14910125732422,69.89588419596355,73.51932525634766,18.335456471690396
core,qpinn,hard,adaptive,fixed,5,0.005,1,objective_reconstructed,end,3,0.05511222779750824,0.3799382746219635,0.18175065517425537,0.11020146310329437,0.17383168680768835
core,qpinn,hard,adaptive,fixed,5,0.005,1,lf,first,3,1116.0303955078125,1199.5936279296875,1169.6810302734375,1193.4190673828125,46.56526879072668
core,qpinn,hard,adaptive,fixed,5,0.005,1,lf,mid,3,50.01922607421875,86.14910125732422,69.89588419596355,73.51932525634766,18.335456471690396
core,qpinn,hard,adaptive,fixed,5,0.005,1,lf,end,3,0.05511222779750824,0.3799382746219635,0.18175065517425537,0.11020146310329437,0.17383168680768835
core,qpinn,hard,adaptive,fixed,5,0.005,1,lb,first,3,0.0,0.0,0.0,0.0,0.0
core,qpinn,hard,adaptive,fixed,5,0.005,1,lb,mid,3,0.0,0.0,0.0,0.0,0.0
core,qpinn,hard,adaptive,fixed,5,0.005,1,lb,end,3,0.0,0.0,0.0,0.0,0.0
core,qpinn,hard,adaptive,fixed,5,0.005,1,rel_l2_51,first,3,1.000234842300415,1.0083545446395874,1.0033355156580608,1.0014171600341797,0.004386622589640832
core,qpinn,hard,adaptive,fixed,5,0.005,1,rel_l2_51,mid,3,0.0241138506680727,0.08662080764770508,0.06024676623443762,0.0700056403875351,0.03237601946295126
core,qpinn,hard,adaptive,fixed,5,0.005,1,rel_l2_51,end,3,0.008725776337087154,0.031649790704250336,0.01870277306685845,0.01573275215923786,0.011747058219837576
core,qpinn,hard,adaptive,fixed,5,0.005,1,pred_std,first,3,0.007847189903259277,0.03558465093374252,0.018276932338873546,0.011398956179618835,0.015093760404215091
core,qpinn,hard,adaptive,fixed,5,0.005,1,pred_std,mid,3,0.6628616452217102,0.704646646976471,0.6867431004842123,0.6927210092544556,0.02152436149715837
core,qpinn,hard,adaptive,fixed,5,0.005,1,pred_std,end,3,0.6970279812812805,0.7058001756668091,0.7026959657669067,0.7052597403526306,0.004916050618044676
core,qpinn,hard,adaptive,fixed,5,0.005,1,pred_norm,first,3,0.26841607689857483,1.21589994430542,0.62172398964564,0.3808559477329254,0.5176335382876645
core,qpinn,hard,adaptive,fixed,5,0.005,1,pred_norm,mid,3,9.377520561218262,9.994160652160645,9.722874323527018,9.796941757202148,0.3149217982099245
core,qpinn,hard,adaptive,fixed,5,0.005,1,pred_norm,end,3,9.860724449157715,9.981780052185059,9.939104080200195,9.974807739257812,0.06796821469374774
core,qpinn,hard,uniform,fixed,5,0.005,1,grad_q,first,3,0.8644088074497032,12.680956311572839,6.682658652974168,6.502610839899962,5.910330924791292
core,qpinn,hard,uniform,fixed,5,0.005,1,grad_q,mid,3,0.7648752472010903,1.632834308961704,1.2960499428388115,1.49044027235364,0.4654878445026829
core,qpinn,hard,uniform,fixed,5,0.005,1,grad_q,end,3,0.3435744488547677,3.0817823911706808,1.9499851558657162,2.4245986275717004,1.4294716312274587
core,qpinn,hard,uniform,fixed,5,0.005,1,grad_classical,first,3,3.472704708316558,22.821160689876287,13.931652274353329,15.501091424867143,9.76923956370007
core,qpinn,hard,uniform,fixed,5,0.005,1,grad_classical,mid,3,2.577310616487572,9.7902765703949,5.953501450245391,5.492917163853702,3.6284739046477608
core,qpinn,hard,uniform,fixed,5,0.005,1,grad_classical,end,3,0.47301430109047743,4.734560167722053,2.845436215292522,3.3287341770650345,2.1714916493602425
core,qpinn,hard,uniform,fixed,5,0.005,1,grad_total,first,3,3.5786702247567614,26.10770055384376,15.498707799054394,16.80975261856266,11.321591353749703
core,qpinn,hard,uniform,fixed,5,0.005,1,grad_total,mid,3,2.688412944032311,9.92550569015734,6.101817307572253,5.691533288527108,3.6359493376856555
core,qpinn,hard,uniform,fixed,5,0.005,1,grad_total,end,3,0.5846246068563743,5.649198411129667,3.450657280248026,4.1181488227580365,2.5974286658587196
core,qpinn,hard,uniform,fixed,5,0.005,1,objective_reconstructed,first,3,786.9724731445312,789.7645263671875,788.5888875325521,789.0296630859375,1.447274202037386
core,qpinn,hard,uniform,fixed,5,0.005,1,objective_reconstructed,mid,3,0.8346680998802185,5.873384475708008,4.0886529088020325,5.557906150817871,2.8224447728678985
core,qpinn,hard,uniform,fixed,5,0.005,1,objective_reconstructed,end,3,0.03717381879687309,0.041200388222932816,0.03857222323616346,0.037342462688684464,0.0022776190613931924
core,qpinn,hard,uniform,fixed,5,0.005,1,lf,first,3,786.9724731445312,789.7645263671875,788.5888875325521,789.0296630859375,1.447274202037386
core,qpinn,hard,uniform,fixed,5,0.005,1,lf,mid,3,0.8346680998802185,5.873384475708008,4.0886529088020325,5.557906150817871,2.8224447728678985
core,qpinn,hard,uniform,fixed,5,0.005,1,lf,end,3,0.03717381879687309,0.041200388222932816,0.03857222323616346,0.037342462688684464,0.0022776190613931924
core,qpinn,hard,uniform,fixed,5,0.005,1,lb,first,3,0.0,0.0,0.0,0.0,0.0
core,qpinn,hard,uniform,fixed,5,0.005,1,lb,mid,3,0.0,0.0,0.0,0.0,0.0
core,qpinn,hard,uniform,fixed,5,0.005,1,lb,end,3,0.0,0.0,0.0,0.0,0.0
core,qpinn,hard,uniform,fixed,5,0.005,1,rel_l2_51,first,3,1.000221610069275,1.0086508989334106,1.003451943397522,1.0014833211898804,0.00454640877353494
core,qpinn,hard,uniform,fixed,5,0.005,1,rel_l2_51,mid,3,0.01929420791566372,0.054280836135149,0.038713385040561356,0.04256511107087135,0.017808505934006555
core,qpinn,hard,uniform,fixed,5,0.005,1,rel_l2_51,end,3,0.0008780782809481025,0.0016597207868471742,0.001184608864908417,0.0010160275269299746,0.0004172001946224336
core,qpinn,hard,uniform,fixed,5,0.005,1,pred_std,first,3,0.008154328912496567,0.0368981771171093,0.01913867300997178,0.012363513000309467,0.01552350789189899
core,qpinn,hard,uniform,fixed,5,0.005,1,pred_std,mid,3,0.6893802881240845,0.6996982097625732,0.6959363023440043,0.6987304091453552,0.005698258624133803
core,qpinn,hard,uniform,fixed,5,0.005,1,pred_std,end,3,0.7066084742546082,0.7067016363143921,0.7066670060157776,0.7066909074783325,5.097305445031713e-05
core,qpinn,hard,uniform,fixed,5,0.005,1,pred_norm,first,3,0.278873085975647,1.2606136798858643,0.6510426998138428,0.4136413335800171,0.532187189765088
core,qpinn,hard,uniform,fixed,5,0.005,1,pred_norm,mid,3,9.753998756408691,9.906624794006348,9.84770679473877,9.88249683380127,0.08204533473432844
core,qpinn,hard,uniform,fixed,5,0.005,1,pred_norm,end,3,9.992955207824707,9.994271278381348,9.993784268697103,9.994126319885254,0.0007216368123930109
core,qpinn,soft,adaptive,fixed,5,0.005,1,grad_q,first,3,0.08164552469347715,8.47107361720368,3.342322815314657,1.4742493040468123,4.49587587823277
core,qpinn,soft,adaptive,fixed,5,0.005,1,grad_q,mid,3,15.419539754129566,80.37966408170846,43.94401452565606,36.03283974113016,33.19479557125055
core,qpinn,soft,adaptive,fixed,5,0.005,1,grad_q,end,3,0.1126262003362116,0.8281665555683702,0.40354576064745595,0.269844526037786,0.3760405763924332
core,qpinn,soft,adaptive,fixed,5,0.005,1,grad_classical,first,3,0.6839014281504796,17.131569247872456,7.625806355247834,5.061948389720564,8.518302056603046
core,qpinn,soft,adaptive,fixed,5,0.005,1,grad_classical,mid,3,74.25889412411351,263.77730766479647,147.3476565921403,104.00676798751094,101.92218471227694
core,qpinn,soft,adaptive,fixed,5,0.005,1,grad_classical,end,3,0.27828424007245883,0.8901613890559903,0.5421984799745538,0.4581498107952123,0.31447821141562016
core,qpinn,soft,adaptive,fixed,5,0.005,1,grad_total,first,3,0.688757689705704,19.1115083947535,8.357508916200972,5.272260664143714,9.591063729727873
core,qpinn,soft,adaptive,fixed,5,0.005,1,grad_total,mid,3,75.84290054293469,275.75234983001866,153.888974654491,110.07167359051964,106.91545203086562
core,qpinn,soft,adaptive,fixed,5,0.005,1,grad_total,end,3,0.30021122443186293,1.2158318725580723,0.6825849277684075,0.5317116863152871,0.4760906889014882
core,qpinn,soft,adaptive,fixed,5,0.005,1,objective_reconstructed,first,3,1100.3124165348709,1181.2411186397076,1149.0182147261996,1165.5011090040207,42.90836816896814
core,qpinn,soft,adaptive,fixed,5,0.005,1,objective_reconstructed,mid,3,0.4334885310381651,5.387836933135986,2.1417661452045045,0.6039729714393616,2.8124718498682455
core,qpinn,soft,adaptive,fixed,5,0.005,1,objective_reconstructed,end,3,0.06946329027414322,0.28311219811439514,0.14811663205424944,0.09177440777420998,0.1174406174751726
core,qpinn,soft,adaptive,fixed,5,0.005,1,lf,first,3,1100.260498046875,1181.208984375,1148.8275960286458,1165.0133056640625,42.83278250365221
core,qpinn,soft,adaptive,fixed,5,0.005,1,lf,mid,3,0.3422071635723114,2.8429489135742188,1.2020455201466878,0.4209804832935333,1.4216097456392403
core,qpinn,soft,adaptive,fixed,5,0.005,1,lf,end,3,0.0565168671309948,0.08654581010341644,0.06922413036227226,0.06460971385240555,0.015537180690367726
core,qpinn,soft,adaptive,fixed,5,0.005,1,lb,first,3,0.03213426470756531,0.4878033399581909,0.19061869755387306,0.05191848799586296,0.25755948368001713
core,qpinn,soft,adaptive,fixed,5,0.005,1,lb,mid,3,0.012508047744631767,2.5448880195617676,0.9397206250578165,0.26176580786705017,1.3956912735376916
core,qpinn,soft,adaptive,fixed,5,0.005,1,lb,end,3,0.004853576421737671,0.1965663880109787,0.07889250169197719,0.03525754064321518,0.1030361970433604
core,qpinn,soft,adaptive,fixed,5,0.005,1,rel_l2_51,first,3,1.0104115009307861,1.2141495943069458,1.084897557894389,1.0301315784454346,0.11236897726637299
core,qpinn,soft,adaptive,fixed,5,0.005,1,rel_l2_51,mid,3,0.05486451834440231,0.9312063455581665,0.43448573102553684,0.31738632917404175,0.44975321229155574
core,qpinn,soft,adaptive,fixed,5,0.005,1,rel_l2_51,end,3,0.040603041648864746,0.2632902264595032,0.1387175271908442,0.11225931346416473,0.11367683746008615
core,qpinn,soft,adaptive,fixed,5,0.005,1,pred_std,first,3,0.0007771808304823935,0.006047259084880352,0.004099138566137602,0.00547297578305006,0.0028911939965695637
core,qpinn,soft,adaptive,fixed,5,0.005,1,pred_std,mid,3,0.7371277809143066,1.2710641622543335,0.9647961656252543,0.8861965537071228,0.2755094173978111
core,qpinn,soft,adaptive,fixed,5,0.005,1,pred_std,end,3,0.6861961483955383,0.8557268381118774,0.7701761523882548,0.7686054706573486,0.08477625829056896
core,qpinn,soft,adaptive,fixed,5,0.005,1,pred_norm,first,3,1.4932332038879395,6.748928546905518,3.4867573579152427,2.2181103229522705,2.8482770860898383
core,qpinn,soft,adaptive,fixed,5,0.005,1,pred_norm,mid,3,10.424745559692383,17.981033325195312,13.646476745605469,12.533651351928711,3.89912252518194
core,qpinn,soft,adaptive,fixed,5,0.005,1,pred_norm,end,3,9.704279899597168,12.101940155029297,10.891987800598145,10.869743347167969,1.198984898529177
core,qpinn,soft,uniform,fixed,5,0.005,1,grad_q,first,3,0.09102714799012461,6.565118605956252,2.615591262618414,1.1906280339088648,3.4642972164507264
core,qpinn,soft,uniform,fixed,5,0.005,1,grad_q,mid,3,0.09771624213946228,2.1538817319556034,1.0507735158646332,0.9007225734988338,1.0362628017816529
core,qpinn,soft,uniform,fixed,5,0.005,1,grad_q,end,3,0.03749292270338868,0.3749732353515859,0.18455881557268955,0.14121028866309404,0.17286573242029543
core,qpinn,soft,uniform,fixed,5,0.005,1,grad_classical,first,3,0.6764410215641758,12.645497239400989,5.8284076709822354,4.163284751981543,6.155814522707012
core,qpinn,soft,uniform,fixed,5,0.005,1,grad_classical,mid,3,0.18524241092050206,2.4618400698323013,1.1548844478507865,0.8175708627995559,1.1751849072106724
core,qpinn,soft,uniform,fixed,5,0.005,1,grad_classical,end,3,0.09248151126412288,0.5065017787897895,0.28808869021462447,0.265282780589961,0.20795018061031442
core,qpinn,soft,uniform,fixed,5,0.005,1,grad_total,first,3,0.6825382021000743,14.248136114663243,6.4202877054941,4.3301887997189805,7.020167146035507
core,qpinn,soft,uniform,fixed,5,0.005,1,grad_total,mid,3,0.20943546686628356,3.2710645124613453,1.5656462482619022,1.2164387654580777,1.5604013915472101
core,qpinn,soft,uniform,fixed,5,0.005,1,grad_total,end,3,0.09979253067508793,0.6301975715180571,0.34350504719521063,0.3005250393924868,0.26780186265399575
core,qpinn,soft,uniform,fixed,5,0.005,1,objective_reconstructed,first,3,787.0984184443951,788.4578633122146,787.754359745731,787.7067974805832,0.6809693193967821
core,qpinn,soft,uniform,fixed,5,0.005,1,objective_reconstructed,mid,3,0.04398476949427277,1.4838706254959106,0.5825238099399334,0.21971603482961655,0.78551889273191
core,qpinn,soft,uniform,fixed,5,0.005,1,objective_reconstructed,end,3,0.038072844850830734,0.10573237761855125,0.06313927840286244,0.04561261273920536,0.037078849773837026
core,qpinn,soft,uniform,fixed,5,0.005,1,lf,first,3,787.0662841796875,788.4059448242188,787.5637410481771,787.218994140625,0.7333556322320806
core,qpinn,soft,uniform,fixed,5,0.005,1,lf,mid,3,0.043308209627866745,0.2859363555908203,0.13369888191421828,0.07185208052396774,0.1326117432017576
core,qpinn,soft,uniform,fixed,5,0.005,1,lf,end,3,0.03732427582144737,0.039835844188928604,0.03834101433555285,0.03786292299628258,0.0013222792491176052
core,qpinn,soft,uniform,fixed,5,0.005,1,lb,first,3,0.03213426470756531,0.4878033399581909,0.19061869755387306,0.05191848799586296,0.25755948368001713
core,qpinn,soft,uniform,fixed,5,0.005,1,lb,mid,3,0.0006765598664060235,1.1979342699050903,0.44882492802571505,0.1478639543056488,0.6529085976142958
core,qpinn,soft,uniform,fixed,5,0.005,1,lb,end,3,0.0007485690293833613,0.06786945462226868,0.0247982640673096,0.005776768550276756,0.03738537534212644
core,qpinn,soft,uniform,fixed,5,0.005,1,rel_l2_51,first,3,1.0104358196258545,1.2130306959152222,1.0842101573944092,1.0291639566421509,0.11195416087676013
core,qpinn,soft,uniform,fixed,5,0.005,1,rel_l2_51,mid,3,0.01587659865617752,0.6479302644729614,0.29699211567640305,0.2271694839000702,0.3217597846985212
core,qpinn,soft,uniform,fixed,5,0.005,1,rel_l2_51,end,3,0.016385983675718307,0.15437431633472443,0.07188951969146729,0.04490825906395912,0.07284357422786361
core,qpinn,soft,uniform,fixed,5,0.005,1,pred_std,first,3,0.0006267288699746132,0.00579781923443079,0.004011484639098247,0.0056099058128893375,0.0029327898963206764
core,qpinn,soft,uniform,fixed,5,0.005,1,pred_std,mid,3,0.6988471150398254,1.090666651725769,0.8746063709259033,0.8343053460121155,0.1989943888380353
core,qpinn,soft,uniform,fixed,5,0.005,1,pred_std,end,3,0.6984860301017761,0.7923219203948975,0.740707516670227,0.7313145995140076,0.047617893131714446
core,qpinn,soft,uniform,fixed,5,0.005,1,pred_norm,first,3,1.4840106964111328,6.726874351501465,3.4685705502827964,2.194826602935791,2.844067959634428
core,qpinn,soft,uniform,fixed,5,0.005,1,pred_norm,mid,3,9.883232116699219,15.42699146270752,12.3698517481486,11.799331665039062,2.81557042098703
core,qpinn,soft,uniform,fixed,5,0.005,1,pred_norm,end,3,9.878103256225586,11.205551147460938,10.475335121154785,10.342350959777832,0.6736416453643169
core,qpinn,soft,uniform,gradnorm,5,0.005,1,grad_q,first,3,0.09102714799012461,6.565118605956252,2.615591262618414,1.1906280339088648,3.4642972164507264
core,qpinn,soft,uniform,gradnorm,5,0.005,1,grad_q,mid,3,0.09010948327499628,2.18975528020269,1.0595602810647191,0.898816079716471,1.0590123426284261
core,qpinn,soft,uniform,gradnorm,5,0.005,1,grad_q,end,3,0.034701457943043905,0.3732011695946631,0.18223396092863495,0.13879925524819786,0.17337947958226482
core,qpinn,soft,uniform,gradnorm,5,0.005,1,grad_classical,first,3,0.6764410215641758,12.645497239400989,5.8284076709822354,4.163284751981543,6.155814522707012
core,qpinn,soft,uniform,gradnorm,5,0.005,1,grad_classical,mid,3,0.17494051734601174,2.4182375599130923,1.137607535830369,0.8196445302320029,1.1549548735748996
core,qpinn,soft,uniform,gradnorm,5,0.005,1,grad_classical,end,3,0.09136200904908917,0.5063991689156304,0.289433959441577,0.27054070036001154,0.2081626225972463
core,qpinn,soft,uniform,gradnorm,5,0.005,1,grad_total,first,3,0.6825382021000743,14.248136114663243,6.4202877054941,4.3301887997189805,7.020167146035507
core,qpinn,soft,uniform,gradnorm,5,0.005,1,grad_total,mid,3,0.19678390072710997,3.2623459478341634,1.5585179705273708,1.2164240630208392,1.5611498478143002
core,qpinn,soft,uniform,gradnorm,5,0.005,1,grad_total,end,3,0.09773028128916184,0.6290621839415128,0.34362024013718223,0.30406825518087205,0.26786501699462356
core,qpinn,soft,uniform,gradnorm,5,0.005,1,objective_reconstructed,first,3,787.0984184443951,788.4578633122146,787.754359745731,787.7067974805832,0.6809693193967821
core,qpinn,soft,uniform,gradnorm,5,0.005,1,objective_reconstructed,mid,3,0.03996232792357121,1.4965302960107796,0.5853870365777989,0.21966848579904574,0.7941725915707544
core,qpinn,soft,uniform,gradnorm,5,0.005,1,objective_reconstructed,end,3,0.034824459280875374,0.10459170485960083,0.06168139966229564,0.04562803484641071,0.03755196440060714
core,qpinn,soft,uniform,gradnorm,5,0.005,1,lf,first,3,787.0662841796875,788.4059448242188,787.5637410481771,787.218994140625,0.7333556322320806
core,qpinn,soft,uniform,gradnorm,5,0.005,1,lf,mid,3,0.043308209627866745,0.2859363555908203,0.13369888191421828,0.07185208052396774,0.1326117432017576
core,qpinn,soft,uniform,gradnorm,5,0.005,1,lf,end,3,0.03778624162077904,0.03981946036219597,0.03864646454652151,0.03833369165658951,0.0010520764103046755
core,qpinn,soft,uniform,gradnorm,5,0.005,1,lb,first,3,0.03213426470756531,0.4878033399581909,0.19061869755387306,0.05191848799586296,0.25755948368001713
core,qpinn,soft,uniform,gradnorm,5,0.005,1,lb,mid,3,0.0006765598664060235,1.1979342699050903,0.44882492802571505,0.1478639543056488,0.6529085976142958
core,qpinn,soft,uniform,gradnorm,5,0.005,1,lb,end,3,0.0005522294668480754,0.06586489081382751,0.02406811648203681,0.005787229165434837,0.036291583926139535
core,qpinn,soft,uniform,gradnorm,5,0.005,1,rel_l2_51,first,3,1.0104358196258545,1.2130306959152222,1.0842101573944092,1.0291639566421509,0.11195416087676013
core,qpinn,soft,uniform,gradnorm,5,0.005,1,rel_l2_51,mid,3,0.015852300450205803,0.6478988528251648,0.2969742212444544,0.22717151045799255,0.32175304958480466
core,qpinn,soft,uniform,gradnorm,5,0.005,1,rel_l2_51,end,3,0.014086825773119926,0.1520671546459198,0.07036812665561835,0.04495039954781532,0.07241676896587254
core,qpinn,soft,uniform,gradnorm,5,0.005,1,pred_std,first,3,0.0006267288699746132,0.00579781923443079,0.004011484639098247,0.0056099058128893375,0.0029327898963206764
core,qpinn,soft,uniform,gradnorm,5,0.005,1,pred_std,mid,3,0.6988599300384521,1.0906482934951782,0.8746049006779989,0.8343064785003662,0.1989786484965911
core,qpinn,soft,uniform,gradnorm,5,0.005,1,pred_std,end,3,0.6997048854827881,0.7910052537918091,0.740682582060496,0.7313376069068909,0.04636200743935539
core,qpinn,soft,uniform,gradnorm,5,0.005,1,pred_norm,first,3,1.4840106964111328,6.726874351501465,3.4685705502827964,2.194826602935791,2.844067959634428
core,qpinn,soft,uniform,gradnorm,5,0.005,1,pred_norm,mid,3,9.883414268493652,15.426733016967773,12.369831403096518,11.799346923828125,2.8153481299140912
core,qpinn,soft,uniform,gradnorm,5,0.005,1,pred_norm,end,3,9.895336151123047,11.186921119689941,10.474977493286133,10.34267520904541,0.6558779258127775
sensitivity,qpinn,hard,uniform,fixed,2,0.005,1,grad_q,first,2,0.6642323264318124,6.0417728521002125,3.3530025892660125,3.3530025892660125,3.8024953718055974
sensitivity,qpinn,hard,uniform,fixed,2,0.005,1,grad_q,mid,2,7.532761554873418,8.712089952598651,8.122425753736035,8.122425753736035,0.8339111072773782
sensitivity,qpinn,hard,uniform,fixed,2,0.005,1,grad_q,end,2,1.3844055333141894,1.7783855782494755,1.5813955557818324,1.5813955557818324,0.27858596142592157
sensitivity,qpinn,hard,uniform,fixed,2,0.005,1,grad_classical,first,2,6.3347105621913675,20.481331955511113,13.40802125885124,13.40802125885124,10.003171918095077
sensitivity,qpinn,hard,uniform,fixed,2,0.005,1,grad_classical,mid,2,58.21601852135316,85.15769431820544,71.6868564197793,71.6868564197793,19.05064165248373
sensitivity,qpinn,hard,uniform,fixed,2,0.005,1,grad_classical,end,2,3.357152208009846,6.656241420098772,5.006696814054309,5.006696814054309,2.3328083536074637
sensitivity,qpinn,hard,uniform,fixed,2,0.005,1,grad_total,first,2,6.3694397312649,21.353875008255898,13.8616573697604,13.8616573697604,10.595595796611256
sensitivity,qpinn,hard,uniform,fixed,2,0.005,1,grad_total,mid,2,58.701339926113384,85.60218112253384,72.1517605243236,72.1517605243236,19.02176722961134
sensitivity,qpinn,hard,uniform,fixed,2,0.005,1,grad_total,end,2,3.631397751337125,6.889717345984829,5.2605575486609775,5.2605575486609775,2.303979880648394
sensitivity,qpinn,hard,uniform,fixed,2,0.005,1,objective_reconstructed,first,2,788.0185546875,791.07421875,789.54638671875,789.54638671875,2.160680779621784
sensitivity,qpinn,hard,uniform,fixed,2,0.005,1,objective_reconstructed,mid,2,33.37875747680664,47.62360763549805,40.501182556152344,40.501182556152344,10.07263014419696
sensitivity,qpinn,hard,uniform,fixed,2,0.005,1,objective_reconstructed,end,2,9.06151008605957,14.7631254196167,11.912317752838135,11.912317752838135,4.031650866075445
sensitivity,qpinn,hard,uniform,fixed,2,0.005,1,lf,first,2,788.0185546875,791.07421875,789.54638671875,789.54638671875,2.160680779621784
sensitivity,qpinn,hard,uniform,fixed,2,0.005,1,lf,mid,2,33.37875747680664,47.62360763549805,40.501182556152344,40.501182556152344,10.07263014419696
sensitivity,qpinn,hard,uniform,fixed,2,0.005,1,lf,end,2,9.06151008605957,14.7631254196167,11.912317752838135,11.912317752838135,4.031650866075445
sensitivity,qpinn,hard,uniform,fixed,2,0.005,1,lb,first,2,0.0,0.0,0.0,0.0,0.0
sensitivity,qpinn,hard,uniform,fixed,2,0.005,1,lb,mid,2,0.0,0.0,0.0,0.0,0.0
sensitivity,qpinn,hard,uniform,fixed,2,0.005,1,lb,end,2,0.0,0.0,0.0,0.0,0.0
sensitivity,qpinn,hard,uniform,fixed,2,0.005,1,rel_l2_51,first,2,1.0079389810562134,1.0089950561523438,1.0084670186042786,1.0084670186042786,0.0007467578619160205
sensitivity,qpinn,hard,uniform,fixed,2,0.005,1,rel_l2_51,mid,2,0.1442786604166031,0.19543296098709106,0.16985581070184708,0.16985581070184708,0.03617155282024692
sensitivity,qpinn,hard,uniform,fixed,2,0.005,1,rel_l2_51,end,2,0.02497449889779091,0.035942692309617996,0.030458595603704453,0.030458595603704453,0.007755683938868548
sensitivity,qpinn,hard,uniform,fixed,2,0.005,1,pred_std,first,2,0.03550796955823898,0.03713472932577133,0.03632134944200516,0.03632134944200516,0.0011502928629835755
sensitivity,qpinn,hard,uniform,fixed,2,0.005,1,pred_std,mid,2,0.5704713463783264,0.6064865589141846,0.5884789526462555,0.5884789526462555,0.025466601009980057
sensitivity,qpinn,hard,uniform,fixed,2,0.005,1,pred_std,end,2,0.689887523651123,0.6908407807350159,0.6903641521930695,0.6903641521930695,0.0006740545482347282
sensitivity,qpinn,hard,uniform,fixed,2,0.005,1,pred_norm,first,2,1.2124313116073608,1.270340085029602,1.2413856983184814,1.2413856983184814,0.04094768637706207
sensitivity,qpinn,hard,uniform,fixed,2,0.005,1,pred_norm,mid,2,8.068646430969238,8.577945709228516,8.323296070098877,8.323296070098877,0.3601289733105494
sensitivity,qpinn,hard,uniform,fixed,2,0.005,1,pred_norm,end,2,9.759109497070312,9.770191192626953,9.764650344848633,9.764650344848633,0.007835942075145418
sensitivity,qpinn,hard,uniform,fixed,4,0.005,1,grad_q,first,2,2.4078021216271255,2.8962710134074636,2.6520365675172943,2.6520365675172943,0.34539966577655495
sensitivity,qpinn,hard,uniform,fixed,4,0.005,1,grad_q,mid,2,4.091335506177823,8.78117462337146,6.436255064774642,6.436255064774642,3.3162170424415516
sensitivity,qpinn,hard,uniform,fixed,4,0.005,1,grad_q,end,2,1.1484493256858743,1.9262501554043163,1.5373497405450953,1.5373497405450953,0.5499882411064335
sensitivity,qpinn,hard,uniform,fixed,4,0.005,1,grad_classical,first,2,5.555149094825969,6.837036029931479,6.196092562378724,6.196092562378724,0.9064309445275456
sensitivity,qpinn,hard,uniform,fixed,4,0.005,1,grad_classical,mid,2,44.677699686897625,52.12608302982409,48.40189135836086,48.40189135836086,5.266802370660227
sensitivity,qpinn,hard,uniform,fixed,4,0.005,1,grad_classical,end,2,4.8656676154361875,5.332535181329127,5.099101398382658,5.099101398382658,0.3301252217589547
sensitivity,qpinn,hard,uniform,fixed,4,0.005,1,grad_total,first,2,6.264827790837517,7.248625575341389,6.756726683089453,6.756726683089453,0.69565008473899
sensitivity,qpinn,hard,uniform,fixed,4,0.005,1,grad_total,mid,2,44.864639478510504,52.860548235884366,48.86259385719744,48.86259385719744,5.653961304087958
sensitivity,qpinn,hard,uniform,fixed,4,0.005,1,grad_total,end,2,5.233083317232741,5.454802224992323,5.343942771112532,5.343942771112532,0.15677894319407523
sensitivity,qpinn,hard,uniform,fixed,4,0.005,1,objective_reconstructed,first,2,787.5059814453125,787.705322265625,787.6056518554688,787.6056518554688,0.1409552458102578
sensitivity,qpinn,hard,uniform,fixed,4,0.005,1,objective_reconstructed,mid,2,24.513057708740234,25.776498794555664,25.14477825164795,25.14477825164795,0.8933877594097851
sensitivity,qpinn,hard,uniform,fixed,4,0.005,1,objective_reconstructed,end,2,0.5801281332969666,5.588665008544922,3.084396570920944,3.084396570920944,3.5415703883107104
sensitivity,qpinn,hard,uniform,fixed,4,0.005,1,lf,first,2,787.5059814453125,787.705322265625,787.6056518554688,787.6056518554688,0.1409552458102578
sensitivity,qpinn,hard,uniform,fixed,4,0.005,1,lf,mid,2,24.513057708740234,25.776498794555664,25.14477825164795,25.14477825164795,0.8933877594097851
sensitivity,qpinn,hard,uniform,fixed,4,0.005,1,lf,end,2,0.5801281332969666,5.588665008544922,3.084396570920944,3.084396570920944,3.5415703883107104
sensitivity,qpinn,hard,uniform,fixed,4,0.005,1,lb,first,2,0.0,0.0,0.0,0.0,0.0
sensitivity,qpinn,hard,uniform,fixed,4,0.005,1,lb,mid,2,0.0,0.0,0.0,0.0,0.0
sensitivity,qpinn,hard,uniform,fixed,4,0.005,1,lb,end,2,0.0,0.0,0.0,0.0,0.0
sensitivity,qpinn,hard,uniform,fixed,4,0.005,1,rel_l2_51,first,2,1.0003020763397217,1.0021512508392334,1.0012266635894775,1.0012266635894775,0.0013075638282019765
sensitivity,qpinn,hard,uniform,fixed,4,0.005,1,rel_l2_51,mid,2,0.11236228048801422,0.12453172355890274,0.11844700202345848,0.11844700202345848,0.008605095718688916
sensitivity,qpinn,hard,uniform,fixed,4,0.005,1,rel_l2_51,end,2,0.011579037643969059,0.05331873893737793,0.032448888290673494,0.032448888290673494,0.02951442582927032
sensitivity,qpinn,hard,uniform,fixed,4,0.005,1,pred_std,first,2,0.0049100229516625404,0.018577491864562035,0.011743757408112288,0.011743757408112288,0.009664359949967564
sensitivity,qpinn,hard,uniform,fixed,4,0.005,1,pred_std,mid,2,0.6204903721809387,0.6293455958366394,0.6249179840087891,0.6249179840087891,0.006261588695869483
sensitivity,qpinn,hard,uniform,fixed,4,0.005,1,pred_std,end,2,0.6965135335922241,0.699064314365387,0.6977889239788055,0.6977889239788055,0.00180367438202371
sensitivity,qpinn,hard,uniform,fixed,4,0.005,1,pred_norm,first,2,0.16814671456813812,0.6354763507843018,0.40181153267621994,0.40181153267621994,0.3304519548178917
sensitivity,qpinn,hard,uniform,fixed,4,0.005,1,pred_norm,mid,2,8.776049613952637,8.901628494262695,8.838839054107666,8.838839054107666,0.08879767784105624
sensitivity,qpinn,hard,uniform,fixed,4,0.005,1,pred_norm,end,2,9.860815048217773,9.886262893676758,9.873538970947266,9.873538970947266,0.01799434409063514
sensitivity,qpinn,hard,uniform,fixed,5,0.005,1,grad_q,first,2,6.502610839899962,12.680956311572839,9.5917835757364,9.5917835757364,4.3687499795330895
sensitivity,qpinn,hard,uniform,fixed,5,0.005,1,grad_q,mid,2,5.796503815420965,6.609240316049878,6.202872065735422,6.202872065735422,0.5746914909125289
sensitivity,qpinn,hard,uniform,fixed,5,0.005,1,grad_q,end,2,0.7614833015675504,1.5088139221065904,1.1351486118370704,1.1351486118370704,0.5284425495715057
sensitivity,qpinn,hard,uniform,fixed,5,0.005,1,grad_classical,first,2,15.501091424867143,22.821160689876287,19.161126057371714,19.161126057371714,5.176070616043193
sensitivity,qpinn,hard,uniform,fixed,5,0.005,1,grad_classical,mid,2,42.5461972585067,47.35541478361119,44.950806021058945,44.950806021058945,3.4006303242025675
sensitivity,qpinn,hard,uniform,fixed,5,0.005,1,grad_classical,end,2,2.5832509265888186,5.5472930677562875,4.0652719971725535,4.0652719971725535,2.0958942977422113
sensitivity,qpinn,hard,uniform,fixed,5,0.005,1,grad_total,first,2,16.80975261856266,26.10770055384376,21.45872658620321,21.45872658620321,6.574642036156725
sensitivity,qpinn,hard,uniform,fixed,5,0.005,1,grad_total,mid,2,43.05648567538998,47.7088541657631,45.38266992057654,45.38266992057654,3.2897213081214547
sensitivity,qpinn,hard,uniform,fixed,5,0.005,1,grad_total,end,2,2.693147260787684,5.7488242129256,4.220985736856642,4.220985736856642,2.1606898939721617
sensitivity,qpinn,hard,uniform,fixed,5,0.005,1,objective_reconstructed,first,2,789.0296630859375,789.7645263671875,789.3970947265625,789.3970947265625,0.5196268094168721
sensitivity,qpinn,hard,uniform,fixed,5,0.005,1,objective_reconstructed,mid,2,22.345876693725586,25.440509796142578,23.893193244934082,23.893193244934082,2.1882360520034188
sensitivity,qpinn,hard,uniform,fixed,5,0.005,1,objective_reconstructed,end,2,0.8505131602287292,5.87786340713501,3.3641882836818695,3.3641882836818695,3.554873450987295
sensitivity,qpinn,hard,uniform,fixed,5,0.005,1,lf,first,2,789.0296630859375,789.7645263671875,789.3970947265625,789.3970947265625,0.5196268094168721
sensitivity,qpinn,hard,uniform,fixed,5,0.005,1,lf,mid,2,22.345876693725586,25.440509796142578,23.893193244934082,23.893193244934082,2.1882360520034188
sensitivity,qpinn,hard,uniform,fixed,5,0.005,1,lf,end,2,0.8505131602287292,5.87786340713501,3.3641882836818695,3.3641882836818695,3.554873450987295
sensitivity,qpinn,hard,uniform,fixed,5,0.005,1,lb,first,2,0.0,0.0,0.0,0.0,0.0
sensitivity,qpinn,hard,uniform,fixed,5,0.005,1,lb,mid,2,0.0,0.0,0.0,0.0,0.0
sensitivity,qpinn,hard,uniform,fixed,5,0.005,1,lb,end,2,0.0,0.0,0.0,0.0,0.0
sensitivity,qpinn,hard,uniform,fixed,5,0.005,1,rel_l2_51,first,2,1.0014833211898804,1.0086508989334106,1.0050671100616455,1.0050671100616455,0.005068242827132029
sensitivity,qpinn,hard,uniform,fixed,5,0.005,1,rel_l2_51,mid,2,0.10340911149978638,0.12065738439559937,0.11203324794769287,0.11203324794769287,0.012196370728385492
sensitivity,qpinn,hard,uniform,fixed,5,0.005,1,rel_l2_51,end,2,0.019620362669229507,0.054284531623125076,0.03695244714617729,0.03695244714617729,0.024511268931495748
sensitivity,qpinn,hard,uniform,fixed,5,0.005,1,pred_std,first,2,0.012363513000309467,0.0368981771171093,0.024630845058709383,0.024630845058709383,0.01734862737112342
sensitivity,qpinn,hard,uniform,fixed,5,0.005,1,pred_std,mid,2,0.6257719993591309,0.6348721981048584,0.6303220987319946,0.6303220987319946,0.006434812243249257
sensitivity,qpinn,hard,uniform,fixed,5,0.005,1,pred_std,end,2,0.6986448168754578,0.6996814608573914,0.6991631388664246,0.6991631388664246,0.000733017989301469
sensitivity,qpinn,hard,uniform,fixed,5,0.005,1,pred_norm,first,2,0.4136413335800171,1.2606136798858643,0.8371275067329407,0.8371275067329407,0.5988998895503455
sensitivity,qpinn,hard,uniform,fixed,5,0.005,1,pred_norm,mid,2,8.854293823242188,8.978724479675293,8.91650915145874,8.91650915145874,0.08798576095134238
sensitivity,qpinn,hard,uniform,fixed,5,0.005,1,pred_norm,end,2,9.881327629089355,9.906387329101562,9.893857479095459,9.893857479095459,0.0177198838131322
sensitivity,qpinn,hard,uniform,fixed,6,0.005,1,grad_q,first,2,1.841969593611465,2.9874602108059904,2.4147149022087278,2.4147149022087278,0.8099841832038125
sensitivity,qpinn,hard,uniform,fixed,6,0.005,1,grad_q,mid,2,4.291950001372125,8.084235132023256,6.188092566697691,6.188092566697691,2.6815505320763275
sensitivity,qpinn,hard,uniform,fixed,6,0.005,1,grad_q,end,2,0.575682365808926,0.7583176510537052,0.6670000084313156,0.6670000084313156,0.1291426486805228
sensitivity,qpinn,hard,uniform,fixed,6,0.005,1,grad_classical,first,2,6.903006510299477,9.08760266655519,7.9953045884273335,7.9953045884273335,1.5447427562424814
sensitivity,qpinn,hard,uniform,fixed,6,0.005,1,grad_classical,mid,2,53.66393297952024,72.29056135484944,62.97724716718484,62.97724716718484,13.171015234837045
sensitivity,qpinn,hard,uniform,fixed,6,0.005,1,grad_classical,end,2,1.788708743229846,2.935738420413415,2.3622235818216306,2.3622235818216306,0.811072462958718
sensitivity,qpinn,hard,uniform,fixed,6,0.005,1,grad_total,first,2,7.52172968089029,9.272398514352702,8.397064097621495,8.397064097621495,1.2379098037532141
sensitivity,qpinn,hard,uniform,fixed,6,0.005,1,grad_total,mid,2,53.835290819728264,72.7411858486586,63.28823833419344,63.28823833419344,13.36848657935768
sensitivity,qpinn,hard,uniform,fixed,6,0.005,1,grad_total,end,2,1.8790660324773736,3.032095930703886,2.4555809815906295,2.4555809815906295,0.8153152599468017
sensitivity,qpinn,hard,uniform,fixed,6,0.005,1,objective_reconstructed,first,2,788.1441040039062,788.65380859375,788.3989562988281,788.3989562988281,0.3604155718804235
sensitivity,qpinn,hard,uniform,fixed,6,0.005,1,objective_reconstructed,mid,2,23.505615234375,37.75614547729492,30.63088035583496,30.63088035583496,10.076646570272656
sensitivity,qpinn,hard,uniform,fixed,6,0.005,1,objective_reconstructed,end,2,0.13421577215194702,6.292834758758545,3.213525265455246,3.213525265455246,4.354801248173748
sensitivity,qpinn,hard,uniform,fixed,6,0.005,1,lf,first,2,788.1441040039062,788.65380859375,788.3989562988281,788.3989562988281,0.3604155718804235
sensitivity,qpinn,hard,uniform,fixed,6,0.005,1,lf,mid,2,23.505615234375,37.75614547729492,30.63088035583496,30.63088035583496,10.076646570272656
sensitivity,qpinn,hard,uniform,fixed,6,0.005,1,lf,end,2,0.13421577215194702,6.292834758758545,3.213525265455246,3.213525265455246,4.354801248173748
sensitivity,qpinn,hard,uniform,fixed,6,0.005,1,lb,first,2,0.0,0.0,0.0,0.0,0.0
sensitivity,qpinn,hard,uniform,fixed,6,0.005,1,lb,mid,2,0.0,0.0,0.0,0.0,0.0
sensitivity,qpinn,hard,uniform,fixed,6,0.005,1,lb,end,2,0.0,0.0,0.0,0.0,0.0
sensitivity,qpinn,hard,uniform,fixed,6,0.005,1,rel_l2_51,first,2,1.0022473335266113,1.0089097023010254,1.0055785179138184,1.0055785179138184,0.004711006139153691
sensitivity,qpinn,hard,uniform,fixed,6,0.005,1,rel_l2_51,mid,2,0.12413618713617325,0.1650342047214508,0.14458519592881203,0.14458519592881203,0.028919265571636432
sensitivity,qpinn,hard,uniform,fixed,6,0.005,1,rel_l2_51,end,2,0.003947178367525339,0.05501405522227287,0.029480616794899106,0.029480616794899106,0.03610973491801033
sensitivity,qpinn,hard,uniform,fixed,6,0.005,1,pred_std,first,2,0.017794577404856682,0.038719676434993744,0.028257126919925213,0.028257126919925213,0.014796279421209965
sensitivity,qpinn,hard,uniform,fixed,6,0.005,1,pred_std,mid,2,0.5922724008560181,0.6207396984100342,0.6065060496330261,0.6065060496330261,0.02012941914250001
sensitivity,qpinn,hard,uniform,fixed,6,0.005,1,pred_std,end,2,0.6985125541687012,0.7044662833213806,0.7014894187450409,0.7014894187450409,0.004209922257207672
sensitivity,qpinn,hard,uniform,fixed,6,0.005,1,pred_norm,first,2,0.6074008345603943,1.3244353532791138,0.965918093919754,0.965918093919754,0.507019970530839
sensitivity,qpinn,hard,uniform,fixed,6,0.005,1,pred_norm,mid,2,8.377740859985352,8.779582023620605,8.578661441802979,8.578661441802979,0.2841446117663811
sensitivity,qpinn,hard,uniform,fixed,6,0.005,1,pred_norm,end,2,9.89001178741455,9.962661743164062,9.926336765289307,9.926336765289307,0.051371276363382345
sensitivity,qpinn,hard,uniform,fixed,10,0.005,1,grad_q,first,2,1.1146360957958799,3.6585080137958057,2.3865720547958427,2.3865720547958427,1.7987890836877765
sensitivity,qpinn,hard,uniform,fixed,10,0.005,1,grad_q,mid,2,2.5471591823157236,6.60241538487497,4.574787283595347,4.574787283595347,2.8674991602784505
sensitivity,qpinn,hard,uniform,fixed,10,0.005,1,grad_q,end,2,3.6748514148639084,66.01076595547335,34.84280868516863,34.84280868516863,44.07814788313004
sensitivity,qpinn,hard,uniform,fixed,10,0.005,1,grad_classical,first,2,5.685005749201197,7.291440703951073,6.488223226576135,6.488223226576135,1.1359210500387418
sensitivity,qpinn,hard,uniform,fixed,10,0.005,1,grad_classical,mid,2,30.163264812220095,43.379601914554684,36.77143336338739,36.77143336338739,9.345361587508153
sensitivity,qpinn,hard,uniform,fixed,10,0.005,1,grad_classical,end,2,2.460738768060286,34.466317874862916,18.463528321461602,18.463528321461602,22.631362022222625
sensitivity,qpinn,hard,uniform,fixed,10,0.005,1,grad_total,first,2,5.793246412375512,8.15780536824964,6.975525890312577,6.975525890312577,1.6719956722139784
sensitivity,qpinn,hard,uniform,fixed,10,0.005,1,grad_total,mid,2,30.2706221282644,43.87917217974457,37.07489715400449,37.07489715400449,9.62269802351817
sensitivity,qpinn,hard,uniform,fixed,10,0.005,1,grad_total,end,2,4.422642672199748,74.46709535008985,39.444869011144796,39.444869011144796,49.52890747303632
sensitivity,qpinn,hard,uniform,fixed,10,0.005,1,objective_reconstructed,first,2,787.4805908203125,787.7261352539062,787.6033630371094,787.6033630371094,0.17362613407675054
sensitivity,qpinn,hard,uniform,fixed,10,0.005,1,objective_reconstructed,mid,2,17.031503677368164,19.57573890686035,18.303621292114258,18.303621292114258,1.7990459837076378
sensitivity,qpinn,hard,uniform,fixed,10,0.005,1,objective_reconstructed,end,2,5.229581356048584,10.922886848449707,8.076234102249146,8.076234102249146,4.02577492104345
sensitivity,qpinn,hard,uniform,fixed,10,0.005,1,lf,first,2,787.4805908203125,787.7261352539062,787.6033630371094,787.6033630371094,0.17362613407675054
sensitivity,qpinn,hard,uniform,fixed,10,0.005,1,lf,mid,2,17.031503677368164,19.57573890686035,18.303621292114258,18.303621292114258,1.7990459837076378
sensitivity,qpinn,hard,uniform,fixed,10,0.005,1,lf,end,2,5.229581356048584,10.922886848449707,8.076234102249146,8.076234102249146,4.02577492104345
sensitivity,qpinn,hard,uniform,fixed,10,0.005,1,lb,first,2,0.0,0.0,0.0,0.0,0.0
sensitivity,qpinn,hard,uniform,fixed,10,0.005,1,lb,mid,2,0.0,0.0,0.0,0.0,0.0
sensitivity,qpinn,hard,uniform,fixed,10,0.005,1,lb,end,2,0.0,0.0,0.0,0.0,0.0
sensitivity,qpinn,hard,uniform,fixed,10,0.005,1,rel_l2_51,first,2,1.0028903484344482,1.0038124322891235,1.0033513903617859,1.0033513903617859,0.0006520117464635307
sensitivity,qpinn,hard,uniform,fixed,10,0.005,1,rel_l2_51,mid,2,0.07551172375679016,0.09756581485271454,0.08653876930475235,0.08653876930475235,0.015594597366833985
sensitivity,qpinn,hard,uniform,fixed,10,0.005,1,rel_l2_51,end,2,0.01774861477315426,0.04943709075450897,0.033592852763831615,0.033592852763831615,0.022407136251882953
sensitivity,qpinn,hard,uniform,fixed,10,0.005,1,pred_std,first,2,0.021950528025627136,0.02646053023636341,0.024205529130995274,0.024205529130995274,0.0031890531463779404
sensitivity,qpinn,hard,uniform,fixed,10,0.005,1,pred_std,mid,2,0.6387196779251099,0.6553635597229004,0.6470416188240051,0.6470416188240051,0.011769001684485027
sensitivity,qpinn,hard,uniform,fixed,10,0.005,1,pred_std,end,2,0.6979846954345703,0.7018417119979858,0.6999132037162781,0.6999132037162781,0.002727322567139953
sensitivity,qpinn,hard,uniform,fixed,10,0.005,1,pred_norm,first,2,0.7509651780128479,0.9029146432876587,0.8269399106502533,0.8269399106502533,0.10744449729348854
sensitivity,qpinn,hard,uniform,fixed,10,0.005,1,pred_norm,mid,2,9.03290843963623,9.269198417663574,9.151053428649902,9.151053428649902,0.16708224578955508
sensitivity,qpinn,hard,uniform,fixed,10,0.005,1,pred_norm,end,2,9.871366500854492,9.935163497924805,9.903264999389648,9.903264999389648,0.04511128924775627
