suite,run_id,source,model,bc,sampling,weighting,seed,qubits,width,lr,steps,params,n_rep,checkpoint_count,first_checkpoint_step,mid_checkpoint_step,mid_target_step,end_checkpoint_step,final_rel_l2_201,elapsed_s,finite_raw_record,max_gradient_partition_relative_squared_error,stale_loss_checkpoints,parameter_norm_status,grad_q_first,grad_q_mid,grad_q_end,grad_q_min,grad_q_max,grad_classical_first,grad_classical_mid,grad_classical_end,grad_classical_min,grad_classical_max,grad_total_first,grad_total_mid,grad_total_end,grad_total_min,grad_total_max,loss_logged_first,loss_logged_mid,loss_logged_end,loss_logged_min,loss_logged_max,objective_reconstructed_first,objective_reconstructed_mid,objective_reconstructed_end,objective_reconstructed_min,objective_reconstructed_max,lf_first,lf_mid,lf_end,lf_min,lf_max,lb_first,lb_mid,lb_end,lb_min,lb_max,rel_l2_51_first,rel_l2_51_mid,rel_l2_51_end,rel_l2_51_min,rel_l2_51_max,pred_mean_first,pred_mean_mid,pred_mean_end,pred_mean_min,pred_mean_max,pred_std_first,pred_std_mid,pred_std_end,pred_std_min,pred_std_max,pred_norm_first,pred_norm_mid,pred_norm_end,pred_norm_min,pred_norm_max,wf_first,wf_mid,wf_end,wf_min,wf_max,wb_first,wb_mid,wb_end,wb_min,wb_max
core,pinn_hard_adaptive_fixed_seed0,reviewer11_experiments/results/elastostatic_core/pinn_hard_adaptive_fixed_seed0.json,pinn,hard,adaptive,fixed,0,5,5,0.005,1000,76,1,11,1,501,500.0,1000,0.17816761136054993,6.391537900024559,True,0.0,0,not recorded,0.0,0.0,0.0,0.0,0.0,153.066118437937,124.27989566846875,3.0295257919773313,3.0295257919773313,253.42739307884673,153.066118437937,124.27989566846875,3.0295257919773313,3.0295257919773313,253.42739307884673,1166.0689697265625,75.90769958496094,46.57479476928711,10.28014850616455,1166.0689697265625,1166.0689697265625,75.90769958496094,46.57479476928711,10.28014850616455,1166.0689697265625,1166.0689697265625,75.90769958496094,46.57479476928711,10.28014850616455,1166.0689697265625,0.0,0.0,0.0,0.0,0.0,1.0214293003082275,0.057410143315792084,0.17816779017448425,0.057410143315792084,1.0214293003082275,0.10324101150035858,-0.011046153493225574,-0.006645983085036278,-0.01572340540587902,0.15094923973083496,0.04792370647192001,0.6690511107444763,0.5847841501235962,0.04792370647192001,0.6690511107444763,1.612989902496338,9.46310806274414,8.270633697509766,1.612989902496338,9.46310806274414,1.0,1.0,1.0,1.0,1.0,0.0,0.0,0.0,0.0,0.0
core,pinn_hard_adaptive_fixed_seed1,reviewer11_experiments/results/elastostatic_core/pinn_hard_adaptive_fixed_seed1.json,pinn,hard,adaptive,fixed,1,5,5,0.005,1000,76,1,11,1,501,500.0,1000,0.15724162757396698,7.314727800025139,True,0.0,0,not recorded,0.0,0.0,0.0,0.0,0.0,38.84083624982508,126.76005781562952,2.82455312588895,2.82455312588895,300.2581343798842,38.84083624982508,126.76005781562952,2.82455312588895,2.82455312588895,300.2581343798842,1163.41455078125,71.40348815917969,46.543094635009766,4.778107166290283,1163.41455078125,1163.41455078125,71.40348815917969,46.543094635009766,4.778107166290283,1163.41455078125,1163.41455078125,71.40348815917969,46.543094635009766,4.778107166290283,1163.41455078125,0.0,0.0,0.0,0.0,0.0,0.9990369081497192,0.04060248285531998,0.1572418063879013,0.04060248285531998,0.9990369081497192,-0.0003289075393695384,-0.015631219372153282,-0.030362313613295555,-0.031859006732702255,0.0059691802598536015,0.0007100616348907351,0.6845036745071411,0.6016252636909485,0.0007100616348907351,0.6845036745071411,0.011071663349866867,9.682880401611328,8.519148826599121,0.011071663349866867,9.682880401611328,1.0,1.0,1.0,1.0,1.0,0.0,0.0,0.0,0.0,0.0
core,pinn_hard_adaptive_fixed_seed2,reviewer11_experiments/results/elastostatic_core/pinn_hard_adaptive_fixed_seed2.json,pinn,hard,adaptive,fixed,2,5,5,0.005,1000,76,1,11,1,501,500.0,1000,0.1778711974620819,7.500452400010545,True,0.0,0,not recorded,0.0,0.0,0.0,0.0,0.0,94.38750682565063,262.12265355128915,4.342811707476938,4.342811707476938,569.8539800894158,94.38750682565063,262.12265355128915,4.342811707476938,4.342811707476938,569.8539800894158,1203.37646484375,100.91799926757812,42.757205963134766,5.958881855010986,1203.37646484375,1203.37646484375,100.91799926757812,42.757205963134766,5.958881855010986,1203.37646484375,1203.37646484375,100.91799926757812,42.757205963134766,5.958881855010986,1203.37646484375,0.0,0.0,0.0,0.0,0.0,1.0026925802230835,0.10664490610361099,0.17787137627601624,0.1012604832649231,1.0026925802230835,0.03290693089365959,-0.06692464649677277,0.024089209735393524,-0.08240742981433868,0.03290693089365959,0.014969836920499802,0.7040857076644897,0.5852054357528687,0.014969836920499802,0.7040857076644897,0.5123234391212463,10.00238037109375,8.283098220825195,0.5123234391212463,10.00238037109375,1.0,1.0,1.0,1.0,1.0,0.0,0.0,0.0,0.0,0.0
core,pinn_hard_uniform_fixed_seed0,reviewer11_experiments/results/elastostatic_core/pinn_hard_uniform_fixed_seed0.json,pinn,hard,uniform,fixed,0,5,5,0.005,1000,76,1,11,1,501,500.0,1000,0.011348431929945946,7.210751099977642,True,0.0,0,not recorded,0.0,0.0,0.0,0.0,0.0,89.20237348512408,2.3311205534064086,1.7054446520673334,1.7054446520673334,212.51437821133666,89.20237348512408,2.3311205534064086,1.7054446520673334,1.7054446520673334,212.51437821133666,804.549072265625,10.631112098693848,8.253474235534668,8.253474235534668,804.549072265625,804.549072265625,10.631112098693848,8.253474235534668,8.253474235534668,804.549072265625,804.549072265625,10.631112098693848,8.253474235534668,8.253474235534668,804.549072265625,0.0,0.0,0.0,0.0,0.0,1.0218819379806519,0.013997005298733711,0.011347426101565361,0.011347426101565361,1.0218819379806519,0.10592860728502274,0.0018783587729558349,0.0033500490244477987,0.0013793546240776777,0.10592860728502274,0.04913691058754921,0.6977771520614624,0.700295090675354,0.04913691058754921,0.700295090675354,1.6547755002975464,9.868094444274902,9.90378189086914,1.6547755002975464,9.90378189086914,1.0,1.0,1.0,1.0,1.0,0.0,0.0,0.0,0.0,0.0
core,pinn_hard_uniform_fixed_seed1,reviewer11_experiments/results/elastostatic_core/pinn_hard_uniform_fixed_seed1.json,pinn,hard,uniform,fixed,1,5,5,0.005,1000,76,1,11,1,501,500.0,1000,0.011869212612509727,6.642791000020225,True,0.0,0,not recorded,0.0,0.0,0.0,0.0,0.0,25.114482379199092,2.1719792068958172,1.7400129515765916,1.7400129515765916,208.31638803698416,25.114482379199092,2.1719792068958172,1.7400129515765916,1.7400129515765916,208.31638803698416,786.1390991210938,10.191990852355957,7.890672206878662,7.890672206878662,786.1390991210938,786.1390991210938,10.191990852355957,7.890672206878662,7.890672206878662,786.1390991210938,786.1390991210938,10.191990852355957,7.890672206878662,7.890672206878662,786.1390991210938,0.0,0.0,0.0,0.0,0.0,0.9990285634994507,0.013138120993971825,0.011868273839354515,0.011868273839354515,0.9990285634994507,0.00035551603650674224,0.002113252179697156,0.004250469617545605,-0.004761420655995607,0.005975324660539627,0.0007056092726998031,0.6984665989875793,0.7004567384719849,0.0007056092726998031,0.7004567384719849,0.011179517954587936,9.87785530090332,9.906137466430664,0.011179517954587936,9.906137466430664,1.0,1.0,1.0,1.0,1.0,0.0,0.0,0.0,0.0,0.0
core,pinn_hard_uniform_fixed_seed2,reviewer11_experiments/results/elastostatic_core/pinn_hard_uniform_fixed_seed2.json,pinn,hard,uniform,fixed,2,5,5,0.005,1000,76,1,11,1,501,500.0,1000,0.010928544215857983,7.058093799976632,True,0.0,0,not recorded,0.0,0.0,0.0,0.0,0.0,16.286444798318655,2.2891890027004886,1.7436001253178524,1.7436001253178524,172.87672396957154,16.286444798318655,2.2891890027004886,1.7436001253178524,1.7436001253178524,172.87672396957154,789.6357421875,10.535319328308105,8.743410110473633,8.743410110473633,789.6357421875,789.6357421875,10.535319328308105,8.743410110473633,8.743410110473633,789.6357421875,789.6357421875,10.535319328308105,8.743410110473633,8.743410110473633,789.6357421875,0.0,0.0,0.0,0.0,0.0,1.0027186870574951,0.012351670302450657,0.010927459225058556,0.010927459225058556,1.0027186870574951,0.035365279763936996,0.000828766671475023,-6.423304876079783e-05,-6.423304876079783e-05,0.035365279763936996,0.0160842202603817,0.6988030076026917,0.6996665000915527,0.0160842202603817,0.6996665000915527,0.550574004650116,9.882573127746582,9.89477825164795,0.550574004650116,9.89477825164795,1.0,1.0,1.0,1.0,1.0,0.0,0.0,0.0,0.0,0.0
core,pinn_soft_adaptive_fixed_seed0,reviewer11_experiments/results/elastostatic_core/pinn_soft_adaptive_fixed_seed0.json,pinn,soft,adaptive,fixed,0,5,5,0.005,1000,76,1,11,1,501,500.0,1000,2.743913412094116,7.687154599989299,True,0.0,0,not recorded,0.0,0.0,0.0,0.0,0.0,39.67537698708974,784.3521285373494,5.412786064159715,5.412786064159715,784.3521285373494,39.67537698708974,784.3521285373494,5.412786064159715,5.412786064159715,784.3521285373494,1108.333251953125,49.42060089111328,25.996967315673828,25.996967315673828,1108.333251953125,1108.333299279213,49.42060089111328,25.996968269348145,25.996968269348145,1108.333299279213,1107.5286865234375,28.19175148010254,3.347029685974121,3.347029685974121,1107.5286865234375,0.8046127557754517,21.228849411010742,22.649938583374023,0.8046127557754517,24.72115135192871,1.391339898109436,2.667600393295288,2.80615496635437,1.391339898109436,2.936573028564453,0.6336917281150818,0.06842523068189621,0.05157443881034851,-0.003555141156539321,0.6336917281150818,0.05113831162452698,2.4232001304626465,2.5244195461273193,0.05113831162452698,2.612610340118408,9.013192176818848,34.28295135498047,35.70817184448242,9.013192176818848,36.9664421081543,1.0,1.0,1.0,1.0,1.0,1.0,1.0,1.0,1.0,1.0
core,pinn_soft_adaptive_fixed_seed1,reviewer11_experiments/results/elastostatic_core/pinn_soft_adaptive_fixed_seed1.json,pinn,soft,adaptive,fixed,1,5,5,0.005,1000,76,1,11,1,501,500.0,1000,2.4920454025268555,7.645551699970383,True,0.0,0,not recorded,0.0,0.0,0.0,0.0,0.0,3.532320483093323,333.81857796124837,4.16038453415075,3.532320483093323,333.81857796124837,3.532320483093323,333.81857796124837,4.16038453415075,3.532320483093323,333.81857796124837,1164.6209716796875,44.94995880126953,25.64036750793457,25.64036750793457,1164.6209716796875,1164.6210098435986,44.94995880126953,25.64036798477173,25.64036798477173,1164.6210098435986,1164.6204833984375,21.45903778076172,6.629957675933838,4.241017818450928,1164.6204833984375,0.0005264451610855758,23.490921020507812,19.01041030883789,0.0005264451610855758,27.214885711669922,0.9942117929458618,2.839519739151001,2.549609422683716,0.9942117929458618,3.0546157360076904,0.008694765157997608,-0.032943326979875565,0.02197365276515484,-0.032943326979875565,0.02197365276515484,0.005366873927414417,2.545635461807251,2.348177433013916,0.005366873927414417,2.692133665084839,0.1447620689868927,36.00374984741211,33.20970153808594,0.1447620689868927,38.07318115234375,1.0,1.0,1.0,1.0,1.0,1.0,1.0,1.0,1.0,1.0
core,pinn_soft_adaptive_fixed_seed2,reviewer11_experiments/results/elastostatic_core/pinn_soft_adaptive_fixed_seed2.json,pinn,soft,adaptive,fixed,2,5,5,0.005,1000,76,1,11,1,501,500.0,1000,2.5544795989990234,7.760731300048064,True,0.0,0,not recorded,0.0,0.0,0.0,0.0,0.0,1.6720898560554167,702.2462862322741,5.853593114316324,1.6720898560554167,702.2462862322741,1.6720898560554167,702.2462862322741,5.853593114316324,1.6720898560554167,702.2462862322741,1180.7508544921875,46.44245910644531,26.165428161621094,26.165428161621094,1180.7508544921875,1180.7508948147297,46.44245719909668,26.165428161621094,26.165428161621094,1180.7508948147297,1180.646484375,23.87748908996582,6.12531852722168,3.5790252685546875,1180.646484375,0.10441043972969055,22.56496810913086,20.040109634399414,0.10441043972969055,29.062274932861328,1.050572156906128,2.771390914916992,2.6136670112609863,1.050572156906128,3.1696617603302,0.20653396844863892,-0.09049398452043533,-0.04670427367091179,-0.09049398452043533,0.20653396844863892,0.007581504061818123,2.495239019393921,2.390195608139038,0.007581504061818123,2.772425889968872,2.930086851119995,35.31132507324219,33.808956146240234,2.930086851119995,39.20958709716797,1.0,1.0,1.0,1.0,1.0,1.0,1.0,1.0,1.0,1.0
core,pinn_soft_uniform_fixed_seed0,reviewer11_experiments/results/elastostatic_core/pinn_soft_uniform_fixed_seed0.json,pinn,soft,uniform,fixed,0,5,5,0.005,1000,76,1,11,1,501,500.0,1000,2.318392515182495,8.17942870000843,True,0.0,0,not recorded,0.0,0.0,0.0,0.0,0.0,27.616885701526353,5.172815197075442,2.664026562119986,2.664026562119986,170.26125301281036,27.616885701526353,5.172815197075442,2.664026562119986,2.664026562119986,170.26125301281036,790.4374389648438,23.285884857177734,19.585140228271484,19.585140228271484,790.4374389648438,790.4374252557755,23.285885334014893,19.585139989852905,19.585139989852905,790.4374252557755,789.6328125,5.23588228225708,3.5113179683685303,3.5113179683685303,789.6328125,0.8046127557754517,18.050003051757812,16.073822021484375,0.8046127557754517,24.641815185546875,1.395815134048462,2.5105013847351074,2.3706891536712646,1.395815134048462,2.9194087982177734,0.6384099721908569,0.1235620379447937,0.11951831728219986,0.093534916639328,0.6384099721908569,0.05132073163986206,2.320103645324707,2.2255280017852783,0.05132073163986206,2.5993640422821045,9.080077171325684,32.85795211791992,31.519298553466797,9.080077171325684,36.78446960449219,1.0,1.0,1.0,1.0,1.0,1.0,1.0,1.0,1.0,1.0
core,pinn_soft_uniform_fixed_seed1,reviewer11_experiments/results/elastostatic_core/pinn_soft_uniform_fixed_seed1.json,pinn,soft,uniform,fixed,1,5,5,0.005,1000,76,1,11,1,501,500.0,1000,2.673222064971924,8.088404699985404,True,0.0,0,not recorded,0.0,0.0,0.0,0.0,0.0,2.6128960554081977,5.962897138615563,3.3651522548286836,2.6128960554081977,186.2660421813456,2.6128960554081977,5.962897138615563,3.3651522548286836,2.6128960554081977,186.2660421813456,787.0155029296875,28.4631404876709,24.504547119140625,24.504547119140625,787.0155029296875,787.0154800584423,28.463140964508057,24.504546642303467,24.504546642303467,787.0154800584423,787.0149536132812,4.596632480621338,2.962581157684326,2.962581157684326,787.0149536132812,0.0005264451610855758,23.86650848388672,21.54196548461914,0.0005264451610855758,28.205514907836914,0.9942117929458618,2.875864028930664,2.7339999675750732,0.9942117929458618,3.129249095916748,0.008694763295352459,0.003934674896299839,0.0057107675820589066,0.003451503813266754,0.04897955432534218,0.00536687346175313,2.572455644607544,2.476125955581665,0.00536687346175313,2.7453036308288574,0.1447620391845703,36.38005828857422,35.01780700683594,0.1447620391845703,38.82564926147461,1.0,1.0,1.0,1.0,1.0,1.0,1.0,1.0,1.0,1.0
core,pinn_soft_uniform_fixed_seed2,reviewer11_experiments/results/elastostatic_core/pinn_soft_uniform_fixed_seed2.json,pinn,soft,uniform,fixed,2,5,5,0.005,1000,76,1,11,1,501,500.0,1000,1.8511607646942139,8.147261799953412,True,0.0,0,not recorded,0.0,0.0,0.0,0.0,0.0,1.4114654701755525,3.961525887952939,18.235588547557608,1.4114654701755525,237.77252695630358,1.4114654701755525,3.961525887952939,18.235588547557608,1.4114654701755525,237.77252695630358,787.1803588867188,402.9134216308594,26.79373550415039,26.79373550415039,787.1803588867188,787.1803381741047,402.9134273529053,26.79373550415039,26.79373550415039,787.1803381741047,787.075927734375,398.17962646484375,16.338111877441406,16.338111877441406,787.075927734375,0.10441043972969055,4.733800888061523,10.455623626708984,0.10441043972969055,10.455623626708984,1.0484120845794678,2.4037020206451416,1.8939647674560547,1.0484120845794678,3.598123073577881,0.19868548214435577,-1.0915021896362305,-0.15809722244739532,-2.1757240295410156,0.19868548214435577,0.008463769219815731,0.8150635957717896,1.8930360078811646,0.008463769219815731,1.8930360078811646,2.819395065307617,19.29591941833496,26.865236282348633,2.819395065307617,32.73707580566406,1.0,1.0,1.0,1.0,1.0,1.0,1.0,1.0,1.0,1.0
core,pinn_soft_uniform_gradnorm_seed0,reviewer11_experiments/results/elastostatic_core/pinn_soft_uniform_gradnorm_seed0.json,pinn,soft,uniform,gradnorm,0,5,5,0.005,1000,76,1,11,1,501,500.0,1000,2.3287198543548584,11.3724416999612,True,0.0,1,not recorded,0.0,0.0,0.0,0.0,0.0,27.616885701526353,5.117533929082233,2.6590597798836137,2.6590597798836137,170.26125301281036,27.616885701526353,5.117533929082233,2.6590597798836137,2.6590597798836137,170.26125301281036,790.4374389648438,23.29595947265625,19.40443229675293,19.40443229675293,790.4374389648438,790.4374252557755,23.101935702216863,19.404431823848736,19.404431823848736,790.4374252557755,789.6328125,5.23588228225708,3.3745548725128174,3.3745548725128174,789.6328125,0.8046127557754517,18.050003051757812,16.21501922607422,0.8046127557754517,24.641815185546875,1.395815134048462,2.5105671882629395,2.3812408447265625,1.395815134048462,2.9194087982177734,0.6384099721908569,0.12351414561271667,0.1166379526257515,0.093534916639328,0.6384099721908569,0.05132073163986206,2.320152759552002,2.232969045639038,0.05132073163986206,2.5993640422821045,9.080077171325684,32.85860824584961,31.622217178344727,9.080077171325684,36.78446960449219,1.0,1.014968057130745,1.014968057130745,1.0,1.014968057130745,1.0,0.9854670042893339,0.9854670042893339,0.9854670042893339,1.0
core,pinn_soft_uniform_gradnorm_seed1,reviewer11_experiments/results/elastostatic_core/pinn_soft_uniform_gradnorm_seed1.json,pinn,soft,uniform,gradnorm,1,5,5,0.005,1000,76,1,11,1,501,500.0,1000,2.677478313446045,12.043084600009024,True,0.0,1,not recorded,0.0,0.0,0.0,0.0,0.0,2.6128960554081977,5.922019201847823,3.3657557544296135,2.6128960554081977,186.2660421813456,2.6128960554081977,5.922019201847823,3.3657557544296135,2.6128960554081977,186.2660421813456,787.0155029296875,28.479942321777344,24.292734146118164,24.292734146118164,787.0155029296875,787.0154800584423,28.24170143387048,24.292733821969527,24.292733821969527,787.0154800584423,787.0149536132812,4.596632480621338,2.906557559967041,2.906557559967041,787.0149536132812,0.0005264451610855758,23.86650848388672,21.60143280029297,0.0005264451610855758,28.205514907836914,0.9942117929458618,2.875908613204956,2.7383265495300293,0.9942117929458618,3.129249095916748,0.008694763295352459,0.003921446856111288,0.0056877038441598415,0.003429692704230547,0.04897955432534218,0.00536687346175313,2.57248854637146,2.479132652282715,0.00536687346175313,2.7453036308288574,0.1447620391845703,36.380523681640625,35.06032180786133,0.1447620391845703,38.82564926147461,1.0,1.0118301474587437,1.0118301474587437,1.0,1.0118301474587437,1.0,0.9884432877610401,0.9884432877610401,0.9884432877610401,1.0
core,pinn_soft_uniform_gradnorm_seed2,reviewer11_experiments/results/elastostatic_core/pinn_soft_uniform_gradnorm_seed2.json,pinn,soft,uniform,gradnorm,2,5,5,0.005,1000,76,1,11,1,501,500.0,1000,1.834986686706543,11.565069299947936,True,0.0,1,not recorded,0.0,0.0,0.0,0.0,0.0,1.4114654701755525,3.7810283991726252,18.156244296110955,1.4114654701755525,207.0894807144654,1.4114654701755525,3.7810283991726252,18.156244296110955,1.4114654701755525,207.0894807144654,787.1803588867188,402.9259948730469,27.146549224853516,27.146549224853516,787.1803588867188,787.1803381741047,396.62650977004733,27.146549512767706,27.146549512767706,787.1803381741047,787.075927734375,398.17962646484375,16.97835350036621,16.97835350036621,787.075927734375,0.10441043972969055,4.733800888061523,10.270009994506836,0.10441043972969055,10.270009994506836,1.0484120845794678,2.4035162925720215,1.877406120300293,1.0484120845794678,3.598123073577881,0.19868548214435577,-1.0916980504989624,-0.1633497029542923,-2.1757240295410156,0.19868548214435577,0.008463769219815731,0.81471186876297,1.880980372428894,0.008463769219815731,1.880980372428894,2.819395065307617,19.295175552368164,26.701698303222656,2.819395065307617,32.73707580566406,1.0,0.9840145291109713,0.9840145291109713,0.9840145291109713,1.0,1.0,1.0165134204941484,1.0165134204941484,1.0,1.0165134204941484
core,qpinn_hard_adaptive_fixed_seed0,reviewer11_experiments/results/elastostatic_core/qpinn_hard_adaptive_fixed_seed0.json,qpinn,hard,adaptive,fixed,0,5,5,0.005,1000,106,1,11,1,501,500.0,1000,0.008725786581635475,352.6150821999763,True,2.111841402446811e-16,0,not recorded,25.246751409305354,55.84202288988659,0.2125397775679572,0.2125397775679572,125.79262882391492,96.84083314170722,123.2197541879112,0.4665656139121957,0.4665656139121957,219.5273138735431,100.0776969174613,135.28281244328076,0.5126954545672321,0.5126954545672321,253.01388697651427,1116.0303955078125,50.01922607421875,0.05511222779750824,0.05511222779750824,1116.0303955078125,1116.0303955078125,50.01922607421875,0.05511222779750824,0.05511222779750824,1116.0303955078125,1116.0303955078125,50.01922607421875,0.05511222779750824,0.05511222779750824,1116.0303955078125,0.0,0.0,0.0,0.0,0.0,1.0014171600341797,0.0700056403875351,0.008725776337087154,0.008725776337087154,1.0014171600341797,0.024338411167263985,0.017387807369232178,-0.005065965466201305,-0.039231136441230774,0.024338411167263985,0.011398956179618835,0.6628616452217102,0.7058001756668091,0.011398956179618835,0.7058001756668091,0.3808559477329254,9.377520561218262,9.981780052185059,0.3808559477329254,9.981780052185059,1.0,1.0,1.0,1.0,1.0,0.0,0.0,0.0,0.0,0.0
core,qpinn_hard_adaptive_fixed_seed1,reviewer11_experiments/results/elastostatic_core/qpinn_hard_adaptive_fixed_seed1.json,qpinn,hard,adaptive,fixed,1,5,5,0.005,1000,106,1,11,1,501,500.0,1000,0.015732737258076668,257.08006820001174,True,2.145593608364758e-16,0,not recorded,17.90687466010272,76.11020604863742,0.153428346913018,0.153428346913018,76.11020604863742,94.3466155526432,195.75112789201313,0.6928186894456669,0.6928186894456669,195.75112789201313,96.03093265365533,210.02682575271504,0.7096041108122704,0.7096041108122704,210.02682575271504,1199.5936279296875,73.51932525634766,0.11020146310329437,0.11020146310329437,1199.5936279296875,1199.5936279296875,73.51932525634766,0.11020146310329437,0.11020146310329437,1199.5936279296875,1199.5936279296875,73.51932525634766,0.11020146310329437,0.11020146310329437,1199.5936279296875,0.0,0.0,0.0,0.0,0.0,1.0083545446395874,0.0241138506680727,0.01573275215923786,0.01573275215923786,1.0083545446395874,-0.07807252556085587,-0.006146891042590141,0.009597640484571457,-0.09279607981443405,0.052551936358213425,0.03558465093374252,0.6927210092544556,0.7052597403526306,0.03558465093374252,0.7052597403526306,1.21589994430542,9.796941757202148,9.974807739257812,1.21589994430542,9.974807739257812,1.0,1.0,1.0,1.0,1.0,0.0,0.0,0.0,0.0,0.0
core,qpinn_hard_adaptive_fixed_seed2,reviewer11_experiments/results/elastostatic_core/qpinn_hard_adaptive_fixed_seed2.json,qpinn,hard,adaptive,fixed,2,5,5,0.005,1000,106,1,11,1,501,500.0,1000,0.03164982423186302,246.79772689996753,True,2.049937622810903e-16,0,not recorded,9.113033870613968,112.72236363322796,0.8978728486166444,0.8978728486166444,156.51923399384677,85.96692101295199,241.4141277120827,3.541530227243334,3.541530227243334,292.10788192900156,86.44859105141092,266.43406749522,3.653575235678224,3.653575235678224,331.3989820368615,1193.4190673828125,86.14910125732422,0.3799382746219635,0.3799382746219635,1193.4190673828125,1193.4190673828125,86.14910125732422,0.3799382746219635,0.3799382746219635,1193.4190673828125,1193.4190673828125,86.14910125732422,0.3799382746219635,0.3799382746219635,1193.4190673828125,0.0,0.0,0.0,0.0,0.0,1.000234842300415,0.08662080764770508,0.031649790704250336,0.031649790704250336,1.000234842300415,0.017238669097423553,-0.05361895263195038,-0.01788313500583172,-0.09245778620243073,0.049998145550489426,0.007847189903259277,0.704646646976471,0.6970279812812805,0.007847189903259277,0.704646646976471,0.26841607689857483,9.994160652160645,9.860724449157715,0.26841607689857483,9.994160652160645,1.0,1.0,1.0,1.0,1.0,0.0,0.0,0.0,0.0,0.0
core,qpinn_hard_uniform_fixed_seed0,reviewer11_experiments/results/elastostatic_core/qpinn_hard_uniform_fixed_seed0.json,qpinn,hard,uniform,fixed,0,5,5,0.005,1000,106,1,11,1,501,500.0,1000,0.0010160632664337754,210.84082600002876,True,1.9978929091425066e-16,0,not recorded,12.680956311572839,0.7648752472010903,0.3435744488547677,0.18998547288302828,31.82491629508072,22.821160689876287,2.577310616487572,0.47301430109047743,0.47301430109047743,184.98570566564962,26.10770055384376,2.688412944032311,0.5846246068563743,0.5846246068563743,187.70332068934542,789.0296630859375,5.873384475708008,0.03717381879687309,0.03717381879687309,789.0296630859375,789.0296630859375,5.873384475708008,0.03717381879687309,0.03717381879687309,789.0296630859375,789.0296630859375,5.873384475708008,0.03717381879687309,0.03717381879687309,789.0296630859375,0.0,0.0,0.0,0.0,0.0,1.0014833211898804,0.054280836135149,0.0010160275269299746,0.0010160275269299746,1.0014833211898804,0.02644132263958454,0.033509623259305954,0.0004328922077547759,0.0004328922077547759,0.043444760143756866,0.012363513000309467,0.6996982097625732,0.7066084742546082,0.012363513000309467,0.7066084742546082,0.4136413335800171,9.906624794006348,9.992955207824707,0.4136413335800171,9.992955207824707,1.0,1.0,1.0,1.0,1.0,0.0,0.0,0.0,0.0,0.0
core,qpinn_hard_uniform_fixed_seed1,reviewer11_experiments/results/elastostatic_core/qpinn_hard_uniform_fixed_seed1.json,qpinn,hard,uniform,fixed,1,5,5,0.005,1000,106,1,11,1,501,500.0,1000,0.0016597177600488067,256.9536062999978,True,1.9355758330672621e-16,0,not recorded,6.502610839899962,1.49044027235364,3.0817823911706808,0.07120746895571649,40.14286787487181,15.501091424867143,5.492917163853702,4.734560167722053,0.371922694095438,181.7565045692567,16.80975261856266,5.691533288527108,5.649198411129667,0.3786779555483631,186.13671533164447,789.7645263671875,0.8346680998802185,0.041200388222932816,0.041200388222932816,789.7645263671875,789.7645263671875,0.8346680998802185,0.041200388222932816,0.041200388222932816,789.7645263671875,789.7645263671875,0.8346680998802185,0.041200388222932816,0.041200388222932816,789.7645263671875,0.0,0.0,0.0,0.0,0.0,1.0086508989334106,0.01929420791566372,0.0016597207868471742,0.0008914281497709453,1.0086508989334106,-0.080941341817379,0.0096977474167943,-0.0008491781773045659,-0.080941341817379,0.03383605554699898,0.0368981771171093,0.6987304091453552,0.7066909074783325,0.0368981771171093,0.7066909074783325,1.2606136798858643,9.88249683380127,9.994126319885254,1.2606136798858643,9.994126319885254,1.0,1.0,1.0,1.0,1.0,0.0,0.0,0.0,0.0,0.0
core,qpinn_hard_uniform_fixed_seed2,reviewer11_experiments/results/elastostatic_core/qpinn_hard_uniform_fixed_seed2.json,qpinn,hard,uniform,fixed,2,5,5,0.005,1000,106,1,11,1,501,500.0,1000,0.0008780715870670974,327.26038260001224,True,2.0948654479260434e-16,0,not recorded,0.8644088074497032,1.632834308961704,2.4245986275717004,0.8644088074497032,47.00892950304291,3.472704708316558,9.7902765703949,3.3287341770650345,2.429207789361752,170.25741776373766,3.5786702247567614,9.92550569015734,4.1181488227580365,2.825018677740032,176.62793594615192,786.9724731445312,5.557906150817871,0.037342462688684464,0.037342462688684464,786.9724731445312,786.9724731445312,5.557906150817871,0.037342462688684464,0.037342462688684464,786.9724731445312,786.9724731445312,5.557906150817871,0.037342462688684464,0.037342462688684464,786.9724731445312,0.0,0.0,0.0,0.0,0.0,1.000221610069275,0.04256511107087135,0.0008780782809481025,0.0008780782809481025,1.000221610069275,0.017909608781337738,-0.021331701427698135,-0.00023090779723133892,-0.025655703619122505,0.017909608781337738,0.008154328912496567,0.6893802881240845,0.7067016363143921,0.008154328912496567,0.7067016363143921,0.278873085975647,9.753998756408691,9.994271278381348,0.278873085975647,9.994271278381348,1.0,1.0,1.0,1.0,1.0,0.0,0.0,0.0,0.0,0.0
core,qpinn_soft_adaptive_fixed_seed0,reviewer11_experiments/results/elastostatic_core/qpinn_soft_adaptive_fixed_seed0.json,qpinn,soft,adaptive,fixed,0,5,5,0.005,1000,106,1,11,1,501,500.0,1000,0.10985324531793594,532.8731403999845,True,1.9634860626432224e-16,0,not recorded,8.47107361720368,36.03283974113016,0.269844526037786,0.269844526037786,47.225001361548514,17.131569247872456,104.00676798751094,0.4581498107952123,0.4581498107952123,160.6430230949975,19.1115083947535,110.07167359051964,0.5317116863152871,0.5317116863152871,167.4406809072937,1100.3123779296875,0.6039729714393616,0.09177440404891968,0.09177440404891968,1100.3123779296875,1100.3124165348709,0.6039729714393616,0.09177440777420998,0.09177440777420998,1100.3124165348709,1100.260498046875,0.3422071635723114,0.0565168671309948,0.0565168671309948,1100.260498046875,0.05191848799586296,0.26176580786705017,0.03525754064321518,0.03525754064321518,5.931025505065918,1.0301315784454346,0.31738632917404175,0.11225931346416473,0.11225931346416473,1.4671827554702759,0.15633711218833923,0.010822831653058529,0.0015056286938488483,0.0015056286938488483,0.2988251745700836,0.006047259084880352,0.8861965537071228,0.7686054706573486,0.006047259084880352,1.5654245615005493,2.2181103229522705,12.533651351928711,10.869743347167969,2.2181103229522705,22.540172576904297,1.0,1.0,1.0,1.0,1.0,1.0,1.0,1.0,1.0,1.0
core,qpinn_soft_adaptive_fixed_seed1,reviewer11_experiments/results/elastostatic_core/qpinn_soft_adaptive_fixed_seed1.json,qpinn,soft,adaptive,fixed,1,5,5,0.005,1000,106,1,11,1,501,500.0,1000,0.2575589418411255,542.9365690999548,True,2.0270805122861083e-16,0,not recorded,1.4742493040468123,80.37966408170846,0.8281665555683702,0.8281665555683702,80.37966408170846,5.061948389720564,263.77730766479647,0.8901613890559903,0.8901613890559903,263.77730766479647,5.272260664143714,275.75234983001866,1.2158318725580723,1.2158318725580723,275.75234983001866,1165.5010986328125,5.387836933135986,0.28311219811439514,0.28311219811439514,1165.5010986328125,1165.5011090040207,5.387836933135986,0.28311219811439514,0.28311219811439514,1165.5011090040207,1165.0133056640625,2.8429489135742188,0.08654581010341644,0.08654581010341644,1165.0133056640625,0.4878033399581909,2.5448880195617676,0.1965663880109787,0.1965663880109787,13.168697357177734,1.2141495943069458,0.9312063455581665,0.2632902264595032,0.2632902264595032,2.166930913925171,-0.47600141167640686,-0.031284332275390625,-0.004036915022879839,-0.47600141167640686,0.3820123076438904,0.00547297578305006,1.2710641622543335,0.8557268381118774,0.00547297578305006,2.081230401992798,6.748928546905518,17.981033325195312,12.101940155029297,6.748928546905518,29.529268264770508,1.0,1.0,1.0,1.0,1.0,1.0,1.0,1.0,1.0,1.0
core,qpinn_soft_adaptive_fixed_seed2,reviewer11_experiments/results/elastostatic_core/qpinn_soft_adaptive_fixed_seed2.json,qpinn,soft,adaptive,fixed,2,5,5,0.005,1000,106,1,11,1,501,500.0,1000,0.039684224873781204,548.3219020999968,True,2.0528023142051148e-16,0,not recorded,0.08164552469347715,15.419539754129566,0.1126262003362116,0.08164552469347715,65.26405050513898,0.6839014281504796,74.25889412411351,0.27828424007245883,0.27828424007245883,116.02851422614256,0.688757689705704,75.84290054293469,0.30021122443186293,0.30021122443186293,133.12404892378947,1181.2410888671875,0.43348851799964905,0.06946329027414322,0.06946329027414322,1181.2410888671875,1181.2411186397076,0.4334885310381651,0.06946329027414322,0.06946329027414322,1181.2411186397076,1181.208984375,0.4209804832935333,0.06460971385240555,0.06334094703197479,1181.208984375,0.03213426470756531,0.012508047744631767,0.004853576421737671,0.0004206033772788942,2.932471513748169,1.0104115009307861,0.05486451834440231,0.040603041648864746,0.012900955975055695,1.3723076581954956,0.10532169789075851,0.0043834904208779335,-0.00026477983919903636,-0.02705451473593712,0.5619345903396606,0.0007771808304823935,0.7371277809143066,0.6861961483955383,0.0007771808304823935,1.357786774635315,1.4932332038879395,10.424745559692383,9.704279899597168,1.4932332038879395,20.789104461669922,1.0,1.0,1.0,1.0,1.0,1.0,1.0,1.0,1.0,1.0
core,qpinn_soft_uniform_fixed_seed0,reviewer11_experiments/results/elastostatic_core/qpinn_soft_uniform_fixed_seed0.json,qpinn,soft,uniform,fixed,0,5,5,0.005,1000,106,1,11,1,501,500.0,1000,0.04392135515809059,313.34531539998716,True,2.0106046672239532e-16,0,not recorded,6.565118605956252,0.9007225734988338,0.14121028866309404,0.14121028866309404,28.27111742850089,12.645497239400989,0.8175708627995559,0.265282780589961,0.265282780589961,102.71160898262474,14.248136114663243,1.2164387654580777,0.3005250393924868,0.3005250393924868,106.53136017368634,788.4578857421875,0.21971604228019714,0.04561261087656021,0.04561261087656021,788.4578857421875,788.4578633122146,0.21971603482961655,0.04561261273920536,0.04561261273920536,788.4578633122146,788.4059448242188,0.07185208052396774,0.039835844188928604,0.039835844188928604,788.4059448242188,0.05191848799586296,0.1478639543056488,0.005776768550276756,0.005776768550276756,11.238780975341797,1.0291639566421509,0.2271694839000702,0.04490825906395912,0.04490825906395912,2.0099637508392334,0.1547030508518219,0.007441575173288584,-7.497018668800592e-05,-7.497018668800592e-05,0.38109302520751953,0.00579781923443079,0.8343053460121155,0.7313145995140076,0.00579781923443079,1.9358216524124146,2.194826602935791,11.799331665039062,10.342350959777832,2.194826602935791,27.904706954956055,1.0,1.0,1.0,1.0,1.0,1.0,1.0,1.0,1.0,1.0
core,qpinn_soft_uniform_fixed_seed1,reviewer11_experiments/results/elastostatic_core/qpinn_soft_uniform_fixed_seed1.json,qpinn,soft,uniform,fixed,1,5,5,0.005,1000,106,1,11,1,501,500.0,1000,0.15100233256816864,317.70211760001257,True,1.8876435193597746e-16,0,not recorded,1.1906280339088648,2.1538817319556034,0.3749732353515859,0.3749732353515859,16.359437551815038,4.163284751981543,2.4618400698323013,0.5065017787897895,0.5065017787897895,64.5514536326821,4.3301887997189805,3.2710645124613453,0.6301975715180571,0.6301975715180571,66.02295855350336,787.706787109375,1.4838706254959106,0.10573238134384155,0.10573238134384155,787.706787109375,787.7067974805832,1.4838706254959106,0.10573237761855125,0.10573237761855125,787.7067974805832,787.218994140625,0.2859363555908203,0.03786292299628258,0.03786292299628258,787.218994140625,0.4878033399581909,1.1979342699050903,0.06786945462226868,0.06786945462226868,13.19554328918457,1.2130306959152222,0.6479302644729614,0.15437431633472443,0.15437431633472443,2.1586341857910156,-0.4744441509246826,-0.020109299570322037,-0.006901375483721495,-0.4744441509246826,0.24736332893371582,0.0056099058128893375,1.090666651725769,0.7923219203948975,0.0056099058128893375,2.0638136863708496,6.726874351501465,15.42699146270752,11.205551147460938,6.726874351501465,29.396671295166016,1.0,1.0,1.0,1.0,1.0,1.0,1.0,1.0,1.0,1.0
core,qpinn_soft_uniform_fixed_seed2,reviewer11_experiments/results/elastostatic_core/qpinn_soft_uniform_fixed_seed2.json,qpinn,soft,uniform,fixed,2,5,5,0.005,1000,106,1,11,1,501,500.0,1000,0.016033172607421875,318.7116931999917,True,2.0779297311655633e-16,0,not recorded,0.09102714799012461,0.09771624213946228,0.03749292270338868,0.03749292270338868,56.49353979963653,0.6764410215641758,0.18524241092050206,0.09248151126412288,0.09248151126412288,94.65847434327385,0.6825382021000743,0.20943546686628356,0.09979253067508793,0.09979253067508793,110.23496180472577,787.098388671875,0.04398477077484131,0.038072843104600906,0.038072843104600906,787.098388671875,787.0984184443951,0.04398476949427277,0.038072844850830734,0.038072844850830734,787.0984184443951,787.0662841796875,0.043308209627866745,0.03732427582144737,0.03732427582144737,787.0662841796875,0.03213426470756531,0.0006765598664060235,0.0007485690293833613,1.2865448297816329e-05,3.238212823867798,1.0104358196258545,0.01587659865617752,0.016385983675718307,0.004735725466161966,1.0104358196258545,0.10467217862606049,0.0020155170932412148,0.001359379617497325,-0.0915297120809555,0.10467217862606049,0.0006267288699746132,0.6988471150398254,0.6984860301017761,0.0006267288699746132,1.226343035697937,1.4840106964111328,9.883232116699219,9.878103256225586,1.4840106964111328,17.39158821105957,1.0,1.0,1.0,1.0,1.0,1.0,1.0,1.0,1.0,1.0
core,qpinn_soft_uniform_gradnorm_seed0,reviewer11_experiments/results/elastostatic_core/qpinn_soft_uniform_gradnorm_seed0.json,qpinn,soft,uniform,gradnorm,0,5,5,0.005,1000,106,1,11,1,501,500.0,1000,0.043962448835372925,407.3701601999928,True,1.6027848363483443e-16,1,not recorded,6.565118605956252,0.898816079716471,0.13879925524819786,0.13879925524819786,28.27111742850089,12.645497239400989,0.8196445302320029,0.27054070036001154,0.27054070036001154,102.71160898262474,14.248136114663243,1.2164240630208392,0.30406825518087205,0.30406825518087205,106.53136017368634,788.4578857421875,0.22104579210281372,0.045628033578395844,0.045628033578395844,788.4578857421875,788.4578633122146,0.21966848579904574,0.04562803484641071,0.04562803484641071,788.4578633122146,788.4059448242188,0.07185208052396774,0.03981946036219597,0.03981946036219597,788.4059448242188,0.05191848799586296,0.1478639543056488,0.005787229165434837,0.005787229165434837,11.238780975341797,1.0291639566421509,0.22717151045799255,0.04495039954781532,0.04495039954781532,2.0099637508392334,0.1547030508518219,0.00744229881092906,-7.310079672606662e-05,-7.310079672606662e-05,0.38109302520751953,0.00579781923443079,0.8343064785003662,0.7313376069068909,0.00579781923443079,1.9358216524124146,2.194826602935791,11.799346923828125,10.34267520904541,2.194826602935791,27.904706954956055,1.0,1.000627075345456,1.000627075345456,1.0,1.000627075345456,1.0,0.9993737101160186,0.9993737101160186,0.9993737101160186,1.0
core,qpinn_soft_uniform_gradnorm_seed1,reviewer11_experiments/results/elastostatic_core/qpinn_soft_uniform_gradnorm_seed1.json,qpinn,soft,uniform,gradnorm,1,5,5,0.005,1000,106,1,11,1,501,500.0,1000,0.14874525368213654,406.04649480001535,True,1.8876435193597746e-16,1,not recorded,1.1906280339088648,2.18975528020269,0.3732011695946631,0.3732011695946631,16.359437551815038,4.163284751981543,2.4182375599130923,0.5063991689156304,0.5063991689156304,64.5514536326821,4.3301887997189805,3.2623459478341634,0.6290621839415128,0.6290621839415128,66.02295855350336,787.706787109375,1.4925694465637207,0.10459169745445251,0.10459169745445251,787.706787109375,787.7067974805832,1.4965302960107796,0.10459170485960083,0.10459170485960083,787.7067974805832,787.218994140625,0.2859363555908203,0.03833369165658951,0.03833369165658951,787.218994140625,0.4878033399581909,1.1979342699050903,0.06586489081382751,0.06586489081382751,13.19554328918457,1.2130306959152222,0.6478988528251648,0.1520671546459198,0.1520671546459198,2.1586341857910156,-0.4744441509246826,-0.02011968567967415,-0.006819902919232845,-0.4744441509246826,0.24736332893371582,0.0056099058128893375,1.0906482934951782,0.7910052537918091,0.0056099058128893375,2.0638136863708496,6.726874351501465,15.426733016967773,11.186921119689941,6.726874351501465,29.396671295166016,1.0,0.9866032185981394,0.9866032185981394,0.9866032185981394,1.0,1.0,1.0137656111690254,1.0137656111690254,1.0,1.0137656111690254
core,qpinn_soft_uniform_gradnorm_seed2,reviewer11_experiments/results/elastostatic_core/qpinn_soft_uniform_gradnorm_seed2.json,qpinn,soft,uniform,gradnorm,2,5,5,0.005,1000,106,1,11,1,501,500.0,1000,0.01378389447927475,407.7782263000263,True,1.4968954117228015e-16,1,not recorded,0.09102714799012461,0.09010948327499628,0.034701457943043905,0.034701457943043905,56.49353979963653,0.6764410215641758,0.17494051734601174,0.09136200904908917,0.09136200904908917,94.65847434327385,0.6825382021000743,0.19678390072710997,0.09773028128916184,0.09773028128916184,110.23496180472577,787.098388671875,0.04401496425271034,0.03482445701956749,0.03482445701956749,787.098388671875,787.0984184443951,0.03996232792357121,0.034824459280875374,0.034824459280875374,787.0984184443951,787.0662841796875,0.043308209627866745,0.03778624162077904,0.03778624162077904,787.0662841796875,0.03213426470756531,0.0006765598664060235,0.0005522294668480754,1.2865448297816329e-05,3.238212823867798,1.0104358196258545,0.015852300450205803,0.014086825773119926,0.004735725466161966,1.0104358196258545,0.10467217862606049,0.002014587167650461,0.0012081156019121408,-0.0915297120809555,0.10467217862606049,0.0006267288699746132,0.6988599300384521,0.6997048854827881,0.0006267288699746132,1.226343035697937,1.4840106964111328,9.883414268493652,9.895336151123047,1.4840106964111328,17.39158821105957,1.0,0.9052953970344766,0.9052953970344766,0.9052953970344766,1.0,1.0,1.1168340470343352,1.1168340470343352,1.0,1.1168340470343352
sensitivity,q2_seed0,reviewer11_experiments/results/sensitivity/q2_seed0.json,qpinn,hard,uniform,fixed,0,2,5,0.005,500,55,1,6,1,201,250.0,500,0.03594284877181053,42.641858100018,True,1.7554374067692263e-16,0,not recorded,6.0417728521002125,8.712089952598651,1.7783855782494755,0.8158581379404418,22.355519391877465,20.481331955511113,85.15769431820544,6.656241420098772,6.656241420098772,202.35698255971428,21.353875008255898,85.60218112253384,6.889717345984829,6.889717345984829,203.5881078009055,791.07421875,47.62360763549805,9.06151008605957,9.06151008605957,791.07421875,791.07421875,47.62360763549805,9.06151008605957,9.06151008605957,791.07421875,791.07421875,47.62360763549805,9.06151008605957,9.06151008605957,791.07421875,0.0,0.0,0.0,0.0,0.0,1.0089950561523438,0.19543296098709106,0.035942692309617996,0.03515927493572235,1.0089950561523438,0.07783854752779007,0.008794798515737057,0.015967853367328644,0.007167574018239975,0.07783854752779007,0.03550796955823898,0.5704713463783264,0.689887523651123,0.03550796955823898,0.689887523651123,1.2124313116073608,8.068646430969238,9.759109497070312,1.2124313116073608,9.759109497070312,1.0,1.0,1.0,1.0,1.0,0.0,0.0,0.0,0.0,0.0
sensitivity,q2_seed1,reviewer11_experiments/results/sensitivity/q2_seed1.json,qpinn,hard,uniform,fixed,1,2,5,0.005,500,55,1,6,1,201,250.0,500,0.02497505582869053,42.46153020003112,True,1.7514096512925362e-16,0,not recorded,0.6642323264318124,7.532761554873418,1.3844055333141894,0.6642323264318124,57.18692455092215,6.3347105621913675,58.21601852135316,3.357152208009846,3.357152208009846,191.31864914338047,6.3694397312649,58.701339926113384,3.631397751337125,3.631397751337125,199.68267288285375,788.0185546875,33.37875747680664,14.7631254196167,14.7631254196167,788.0185546875,788.0185546875,33.37875747680664,14.7631254196167,14.7631254196167,788.0185546875,788.0185546875,33.37875747680664,14.7631254196167,14.7631254196167,788.0185546875,0.0,0.0,0.0,0.0,0.0,1.0079389810562134,0.1442786604166031,0.02497449889779091,0.02497449889779091,1.0079389810562134,0.08158767223358154,0.008914667181670666,-0.00470321299508214,-0.00470321299508214,0.08158767223358154,0.03713472932577133,0.6064865589141846,0.6908407807350159,0.03713472932577133,0.6908407807350159,1.270340085029602,8.577945709228516,9.770191192626953,1.270340085029602,9.770191192626953,1.0,1.0,1.0,1.0,1.0,0.0,0.0,0.0,0.0,0.0
sensitivity,q4_seed0,reviewer11_experiments/results/sensitivity/q4_seed0.json,qpinn,hard,uniform,fixed,0,4,5,0.005,500,89,1,6,1,201,250.0,500,0.011578991077840328,72.88785629998893,True,2.1954313690606708e-16,0,not recorded,2.8962710134074636,8.78117462337146,1.1484493256858743,1.1484493256858743,59.43990273075482,5.555149094825969,52.12608302982409,5.332535181329127,5.332535181329127,203.3075492491314,6.264827790837517,52.860548235884366,5.454802224992323,5.454802224992323,211.8184638277069,787.5059814453125,25.776498794555664,0.5801281332969666,0.5801281332969666,787.5059814453125,787.5059814453125,25.776498794555664,0.5801281332969666,0.5801281332969666,787.5059814453125,787.5059814453125,25.776498794555664,0.5801281332969666,0.5801281332969666,787.5059814453125,0.0,0.0,0.0,0.0,0.0,1.0003020763397217,0.12453172355890274,0.011579037643969059,0.011579037643969059,1.0003020763397217,0.010801614262163639,0.009298660792410374,4.60183437098749e-05,-0.012192023918032646,0.014960341155529022,0.0049100229516625404,0.6204903721809387,0.699064314365387,0.0049100229516625404,0.699064314365387,0.16814671456813812,8.776049613952637,9.886262893676758,0.16814671456813812,9.886262893676758,1.0,1.0,1.0,1.0,1.0,0.0,0.0,0.0,0.0,0.0
sensitivity,q4_seed1,reviewer11_experiments/results/sensitivity/q4_seed1.json,qpinn,hard,uniform,fixed,1,4,5,0.005,500,89,1,6,1,201,250.0,500,0.053318820893764496,73.24258249998093,True,1.9461853538564682e-16,0,not recorded,2.4078021216271255,4.091335506177823,1.9262501554043163,1.479249190869019,31.126673194763235,6.837036029931479,44.677699686897625,4.8656676154361875,4.8656676154361875,190.95726539757166,7.248625575341389,44.864639478510504,5.233083317232741,5.233083317232741,193.4775103010482,787.705322265625,24.513057708740234,5.588665008544922,5.588665008544922,787.705322265625,787.705322265625,24.513057708740234,5.588665008544922,5.588665008544922,787.705322265625,787.705322265625,24.513057708740234,5.588665008544922,5.588665008544922,787.705322265625,0.0,0.0,0.0,0.0,0.0,1.0021512508392334,0.11236228048801422,0.05331873893737793,0.03043774887919426,1.0021512508392334,0.04081297665834427,0.01088300347328186,0.032280609011650085,0.0012853584485128522,0.04081297665834427,0.018577491864562035,0.6293455958366394,0.6965135335922241,0.018577491864562035,0.6965135335922241,0.6354763507843018,8.901628494262695,9.860815048217773,0.6354763507843018,9.860815048217773,1.0,1.0,1.0,1.0,1.0,0.0,0.0,0.0,0.0,0.0
sensitivity,q6_seed0,reviewer11_experiments/results/sensitivity/q6_seed0.json,qpinn,hard,uniform,fixed,0,6,5,0.005,500,123,1,6,1,201,250.0,500,0.05501408502459526,113.62656740000239,True,1.932165562664745e-16,0,not recorded,1.841969593611465,8.084235132023256,0.7583176510537052,0.7583176510537052,38.349675632853796,9.08760266655519,72.29056135484944,2.935738420413415,2.935738420413415,212.17778770032763,9.272398514352702,72.7411858486586,3.032095930703886,3.032095930703886,215.6156562370887,788.1441040039062,37.75614547729492,6.292834758758545,6.292834758758545,788.1441040039062,788.1441040039062,37.75614547729492,6.292834758758545,6.292834758758545,788.1441040039062,788.1441040039062,37.75614547729492,6.292834758758545,6.292834758758545,788.1441040039062,0.0,0.0,0.0,0.0,0.0,1.0022473335266113,0.1650342047214508,0.05501405522227287,0.05146018788218498,1.0022473335266113,-0.038992684334516525,-0.01205944363027811,-0.033706966787576675,-0.038992684334516525,-0.01205944363027811,0.017794577404856682,0.5922724008560181,0.6985125541687012,0.017794577404856682,0.6985125541687012,0.6074008345603943,8.377740859985352,9.89001178741455,0.6074008345603943,9.89001178741455,1.0,1.0,1.0,1.0,1.0,0.0,0.0,0.0,0.0,0.0
sensitivity,q6_seed1,reviewer11_experiments/results/sensitivity/q6_seed1.json,qpinn,hard,uniform,fixed,1,6,5,0.005,500,123,1,6,1,201,250.0,500,0.003947236575186253,114.40812069998356,True,2.0394169601524296e-16,0,not recorded,2.9874602108059904,4.291950001372125,0.575682365808926,0.575682365808926,22.763531941735515,6.903006510299477,53.66393297952024,1.788708743229846,1.788708743229846,187.5059386578325,7.52172968089029,53.835290819728264,1.8790660324773736,1.8790660324773736,188.88264986074626,788.65380859375,23.505615234375,0.13421577215194702,0.13421577215194702,788.65380859375,788.65380859375,23.505615234375,0.13421577215194702,0.13421577215194702,788.65380859375,788.65380859375,23.505615234375,0.13421577215194702,0.13421577215194702,788.65380859375,0.0,0.0,0.0,0.0,0.0,1.0089097023010254,0.12413618713617325,0.003947178367525339,0.003947178367525339,1.0089097023010254,0.08506030589342117,0.009334203787147999,-0.0005744487862102687,-0.0005744487862102687,0.08506030589342117,0.038719676434993744,0.6207396984100342,0.7044662833213806,0.038719676434993744,0.7044662833213806,1.3244353532791138,8.779582023620605,9.962661743164062,1.3244353532791138,9.962661743164062,1.0,1.0,1.0,1.0,1.0,0.0,0.0,0.0,0.0,0.0
sensitivity,q10_seed0,reviewer11_experiments/results/sensitivity/q10_seed0.json,qpinn,hard,uniform,fixed,0,10,5,0.005,500,191,1,6,1,201,250.0,500,0.017749369144439697,188.13971799996216,True,2.135371884908686e-16,0,not recorded,3.6585080137958057,6.60241538487497,66.01076595547335,3.6585080137958057,66.01076595547335,7.291440703951073,43.379601914554684,34.466317874862916,7.291440703951073,184.12724919810591,8.15780536824964,43.87917217974457,74.46709535008985,8.15780536824964,188.20488570628706,787.4805908203125,19.57573890686035,10.922886848449707,10.922886848449707,787.4805908203125,787.4805908203125,19.57573890686035,10.922886848449707,10.922886848449707,787.4805908203125,787.4805908203125,19.57573890686035,10.922886848449707,10.922886848449707,787.4805908203125,0.0,0.0,0.0,0.0,0.0,1.0038124322891235,0.09756581485271454,0.01774861477315426,0.016491521149873734,1.0038124322891235,0.05795961990952492,0.002058593789115548,0.006047035101801157,-0.002767515368759632,0.05795961990952492,0.02646053023636341,0.6387196779251099,0.6979846954345703,0.02646053023636341,0.6979846954345703,0.9029146432876587,9.03290843963623,9.871366500854492,0.9029146432876587,9.871366500854492,1.0,1.0,1.0,1.0,1.0,0.0,0.0,0.0,0.0,0.0
sensitivity,q10_seed1,reviewer11_experiments/results/sensitivity/q10_seed1.json,qpinn,hard,uniform,fixed,1,10,5,0.005,500,191,1,6,1,201,250.0,500,0.04943716898560524,189.7655117000104,True,2.1171235402007746e-16,0,not recorded,1.1146360957958799,2.5471591823157236,3.6748514148639084,0.8178467174789956,34.54045692523323,5.685005749201197,30.163264812220095,2.460738768060286,2.460738768060286,156.4933951914598,5.793246412375512,30.2706221282644,4.422642672199748,2.636086606429301,160.25986990870268,787.7261352539062,17.031503677368164,5.229581356048584,5.229581356048584,787.7261352539062,787.7261352539062,17.031503677368164,5.229581356048584,5.229581356048584,787.7261352539062,787.7261352539062,17.031503677368164,5.229581356048584,5.229581356048584,787.7261352539062,0.0,0.0,0.0,0.0,0.0,1.0028903484344482,0.07551172375679016,0.04943709075450897,0.04943709075450897,1.0028903484344482,0.048231590539216995,0.009400253184139729,0.030834775418043137,0.009400253184139729,0.048231590539216995,0.021950528025627136,0.6553635597229004,0.7018417119979858,0.021950528025627136,0.7018417119979858,0.7509651780128479,9.269198417663574,9.935163497924805,0.7509651780128479,9.935163497924805,1.0,1.0,1.0,1.0,1.0,0.0,0.0,0.0,0.0,0.0
sensitivity,lr5e-3_seed0,reviewer11_experiments/results/sensitivity/lr5e-3_seed0.json,qpinn,hard,uniform,fixed,0,5,5,0.005,500,106,1,6,1,201,250.0,500,0.05428457260131836,57.67166079999879,True,1.9978929091425066e-16,0,not recorded,12.680956311572839,5.796503815420965,0.7614833015675504,0.7614833015675504,31.82491629508072,22.821160689876287,47.35541478361119,2.5832509265888186,2.5832509265888186,184.98570566564962,26.10770055384376,47.7088541657631,2.693147260787684,2.693147260787684,187.70332068934542,789.0296630859375,25.440509796142578,5.87786340713501,5.87786340713501,789.0296630859375,789.0296630859375,25.440509796142578,5.87786340713501,5.87786340713501,789.0296630859375,789.0296630859375,25.440509796142578,5.87786340713501,5.87786340713501,789.0296630859375,0.0,0.0,0.0,0.0,0.0,1.0014833211898804,0.12065738439559937,0.054284531623125076,0.054284531623125076,1.0014833211898804,0.02644132263958454,0.01999920979142189,0.033508360385894775,0.01999920979142189,0.033508360385894775,0.012363513000309467,0.6257719993591309,0.6996814608573914,0.012363513000309467,0.6996814608573914,0.4136413335800171,8.854293823242188,9.906387329101562,0.4136413335800171,9.906387329101562,1.0,1.0,1.0,1.0,1.0,0.0,0.0,0.0,0.0,0.0
sensitivity,lr5e-3_seed1,reviewer11_experiments/results/sensitivity/lr5e-3_seed1.json,qpinn,hard,uniform,fixed,1,5,5,0.005,500,106,1,6,1,201,250.0,500,0.019620386883616447,57.24315470003057,True,1.2264872097032994e-16,0,not recorded,6.502610839899962,6.609240316049878,1.5088139221065904,1.5088139221065904,40.14286787487181,15.501091424867143,42.5461972585067,5.5472930677562875,5.5472930677562875,181.7565045692567,16.80975261856266,43.05648567538998,5.7488242129256,5.7488242129256,186.13671533164447,789.7645263671875,22.345876693725586,0.8505131602287292,0.8505131602287292,789.7645263671875,789.7645263671875,22.345876693725586,0.8505131602287292,0.8505131602287292,789.7645263671875,789.7645263671875,22.345876693725586,0.8505131602287292,0.8505131602287292,789.7645263671875,0.0,0.0,0.0,0.0,0.0,1.0086508989334106,0.10340911149978638,0.019620362669229507,0.019620362669229507,1.0086508989334106,-0.080941341817379,0.004962925799190998,0.009902114048600197,-0.080941341817379,0.03383605554699898,0.0368981771171093,0.6348721981048584,0.6986448168754578,0.0368981771171093,0.6986448168754578,1.2606136798858643,8.978724479675293,9.881327629089355,1.2606136798858643,9.881327629089355,1.0,1.0,1.0,1.0,1.0,0.0,0.0,0.0,0.0,0.0
