x,y,u_reference_interpolated,v_reference_interpolated,p_reference_interpolated,u_model,v_model,p_model
0.136,0.0,-5.995204332975846e-18,1.4988010832439614e-19,2.254,0.0,-0.0,-0.3045301404378944
0.136,0.0020499999999999997,0.045251745379876786,-0.0011386529774127306,2.253158110882957,0.04153664353190554,-0.00028179118919359876,-0.30306500721867907
0.136,0.0040999999999999995,0.08970349075975359,-0.002285305954825462,2.2523162217659136,0.08237298122799706,-0.0011235600723615857,-0.3015867455965399
0.136,0.006149999999999999,0.13257823408624228,-0.0041573798767967135,2.246217659137577,0.12250805695574805,-0.0025197235414636484,-0.3000953942596252
0.136,0.008199999999999999,0.1745043121149897,-0.0064658398357289515,2.236956878850103,0.16194026810973683,-0.0044644237449776025,-0.29859098630856024
0.136,0.010249999999999999,0.21575925925925926,-0.009108765432098764,2.2287407407407405,0.20066736212666783,-0.006951479040091092,-0.2970735483438618
0.136,0.012299999999999998,0.25498765432098763,-0.012761646090534975,2.2236790123456793,0.23868643409937798,-0.009974336146948717,-0.2955430994292143
0.136,0.014349999999999998,0.294216049382716,-0.01641452674897119,2.2186172839506177,0.2759939253798581,-0.013526023613643582,-0.2939996499168629
0.136,0.016399999999999998,0.3309090909090909,-0.02106545454545454,2.2155454545454547,0.312585623048039,-0.017599106681010505,-0.2924432001206067
0.136,0.018449999999999998,0.3658928571428571,-0.025889285714285705,2.213035714285714,0.3484566601105909,-0.02218564361554253,-0.29087373882120626
0.136,0.020499999999999997,0.40019138755980854,-0.03128803827751195,2.2114354066985644,0.3836015162825579,-0.027277143557124173,-0.28929124158838754
0.136,0.022549999999999997,0.4342272727272727,-0.03710454545454545,2.2104545454545454,0.4180140191946086,-0.03286452590598431,-0.2876956689031345
0.136,0.024599999999999997,0.46666382978723403,-0.043296595744680845,2.207191489361702,0.45168734586047093,-0.038938081250607215,-0.28608696406358197
0.136,0.026649999999999997,0.4977191489361702,-0.04981297872340425,2.2019574468085104,0.4846140242331166,-0.04548743381561171,-0.28446505085757723
0.136,0.028699999999999996,0.5283346153846153,-0.05656115384615384,2.196846153846154,0.5167859346751028,-0.052501505386205204,-0.282829830984958
0.136,0.030749999999999996,0.5575865384615385,-0.06402788461538461,2.1921153846153847,0.5481943111686742,-0.059968480644170846,-0.281181181212723
0.136,0.032799999999999996,0.586524193548387,-0.07147499999999998,2.187258064516129,0.5788297420956293,-0.06787577382997956,-0.27951895024670487
0.136,0.03484999999999999,0.6124618834080717,-0.07942511210762329,2.1853139013452916,0.6086821704263057,-0.07620999662713682,-0.27784295530402514
0.136,0.036899999999999995,0.6376595744680851,-0.0875042553191489,2.1840425531914893,0.6377408931724134,-0.08495692714901079,-0.2761529783716102
0.136,0.03895,0.6628333333333332,-0.09599305555555553,2.1843055555555555,0.6659945599809921,-0.09410147989599398,-0.27444876213743263
0.136,0.040999999999999995,0.6878108108108106,-0.10481306306306304,2.185,0.6934311707778261,-0.10362767654297005,-0.2727300055828947
0.136,0.04304999999999999,0.710259493670886,-0.11355907172995777,2.183101265822785,0.7200380724098583,-0.11351861741490116,-0.27099635922702153
0.136,0.045099999999999994,0.7317974683544304,-0.12229535864978901,2.180506329113924,0.7458019542892818,-0.12375645351340142,-0.26924742001587243
0.136,0.04715,0.7533284518828451,-0.13159414225941424,2.179309623430963,0.7707088431092641,-0.13432235897119013,-0.26748272585390176
0.136,0.049199999999999994,0.774857740585774,-0.14102928870292886,2.1784518828451884,0.7947440967850475,-0.14519650383639915,-0.2657017497779557
0.136,0.05124999999999999,0.7946094420600858,-0.15057939914163088,2.1771673819742494,0.8178923978773183,-0.15635802712740865,-0.26390389377924306
0.136,0.05329999999999999,0.812381974248927,-0.16025751072961372,2.1754077253218886,0.8401377468804024,-0.16778501015414907,-0.2620884822840559
0.136,0.055349999999999996,0.8309778911564625,-0.1700833333333333,2.1733333333333333,0.8614634559095394,-0.17945445017722383,-0.26025475531027525
0.136,0.05739999999999999,0.8480989761092149,-0.180259385665529,2.173924914675768,0.8818521435031654,-0.19134223457595656,-0.2584018613238905
0.136,0.05944999999999999,0.864890784982935,-0.19033447098976103,2.1753242320819117,0.9012857314719582,-0.2034231158254437,-0.256528849827954
0.136,0.06149999999999999,0.8805266272189349,-0.20065680473372774,2.173491124260355,0.9197454449808902,-0.21567068774661116,-0.25463466372563853
0.136,0.06355,0.895246153846154,-0.21122820512820506,2.168820512820513,0.9372118173481417,-0.2280573636986376,-0.25271813150946876
0.136,0.06559999999999999,0.9094150943396226,-0.2218238993710691,2.1672955974842765,0.9536647013899042,-0.2405543576373511,-0.25077795934042096
0.136,0.06764999999999999,0.9225223880597015,-0.232365671641791,2.167537313432836,0.9690832895365378,-0.2531316692744796,-0.24881272309344837
0.136,0.06969999999999998,0.9352758620689655,-0.24286206896551715,2.166896551724138,0.9834461453960734,-0.26575807494987863,-0.24682086046020274
0.136,0.07175,0.9459047619047619,-0.2536130952380952,2.168363095238095,0.9967312499464617,-0.2784011262813596,-0.244800663215245
0.136,0.07379999999999999,0.9556666666666668,-0.2650833333333332,2.1695833333333336,1.0089160660962206,-0.2910271591936747,-0.24275026976890463
0.136,0.07584999999999999,0.9652770700636941,-0.2757929936305732,2.16828025477707,1.019977625957963,-0.3036013165581116,-0.24066765814811913
0.136,0.0779,0.974551912568306,-0.2861639344262295,2.1662841530054644,1.0298926458179902,-0.3160875884033002,-0.23855063956595104
0.136,0.07995,0.9820573770491803,-0.2969180327868852,2.1685245901639347,1.0386376744367316,-0.32844887448912913,-0.2363968527609434
0.136,0.08199999999999999,0.9895524861878454,-0.3077127071823204,2.1707734806629833,1.0461892809463618,-0.34064707496573143,-0.23420375930878412
0.136,0.08404999999999999,0.9970276243093923,-0.31858563535911594,2.1730386740331493,1.052524289175302,-0.35264321585577546,-0.23196864013065466
0.136,0.08609999999999998,1.001243093922652,-0.3294585635359115,2.175303867403315,1.057620065656304,-0.3643976171742338,-0.22968859344471504
0.136,0.08814999999999999,1.0037500000000001,-0.3401249999999999,2.1774999999999998,1.0614548687722087,-0.375870112589444,-0.2273605344289532
0.136,0.09019999999999999,1.0088979591836735,-0.3508775510204081,2.179591836734694,1.0640082663371664,-0.3870203305593527,-0.2249811968844459
0.136,0.09224999999999998,1.0145833333333334,-0.36147916666666663,2.1799999999999997,1.0652616282405067,-0.39780804773792056,-0.22254713720718428
0.136,0.0943,1.014775,-0.37149687499999995,2.1878124999999997,1.065198699393308,-0.4081936259819422,-0.2200547409930578
0.136,0.09634999999999999,1.0142625,-0.38117031249999994,2.1942187499999997,1.0638062558670685,-0.4181385442814414,-0.21750023261328216
0.136,0.09839999999999999,1.0128839779005525,-0.3908950276243093,2.2000552486187845,1.0610748435088153,-0.4276060360978813,-0.21487968810522765
0.136,0.10044999999999998,1.0112417127071822,-0.400635359116022,2.205718232044199,1.0569995931298097,-0.43656184054917174,-0.21218905172480026
0.136,0.10249999999999998,1.009346153846154,-0.41026923076923066,2.210576923076923,1.051581099249416,-0.44497507216092513,-0.20942415649970886
0.136,0.10454999999999999,1.0066653846153846,-0.4195730769230769,2.212942307692308,1.0448263399993887,-0.4528192079476824,-0.20658074910637503
0.136,0.10659999999999999,1.0039846153846153,-0.42887692307692293,2.215307692307692,1.0367496038932384,-0.4600731817543165,-0.2036545193651463
0.136,0.10864999999999998,0.9986608695652175,-0.43815652173913033,2.221673913043478,1.0273733746276044,-0.4667225633926203,-0.20064113460711702
0.136,0.11069999999999999,0.9919111111111112,-0.44697777777777775,2.230777777777778,1.0167291080613508,-0.47276078349740364,-0.19753627910949592
0.136,0.11274999999999999,0.983858695652174,-0.4555434782608695,2.240869565217391,1.0048578165871878,-0.4781903436977029,-0.1943356987236333
0.136,0.11479999999999999,0.9730705882352942,-0.46398823529411753,2.2515882352941174,0.9918103564524143,-0.4830239254844292,-0.19103525072941996
0.136,0.11684999999999998,0.9633029411764708,-0.4707411764705881,2.262441176470588,0.9776472952038506,-0.487285280481674,-0.18763095884109876
0.136,0.11889999999999998,0.9535600000000001,-0.4774199999999999,2.2731999999999997,0.962438222360508,-0.49100975105088923,-0.18411907316273202
0.136,0.12094999999999999,0.94125625,-0.48394374999999995,2.2866458333333335,0.946260360872188,-0.4942442359611841,-0.18049613474760223
0.136,0.12299999999999998,0.9277419354838711,-0.4902258064516128,2.3012903225806447,0.9291963453203393,-0.49704638568367476,-0.17675904425672026
0.136,0.12505,0.9138516129032258,-0.4957258064516129,2.3151774193548387,0.9113310615511274,-0.49948279226202863,-0.17290513404082086
0.136,0.1271,0.8983846153846154,-0.5002,2.327307692307692,0.8927474982598104,-0.5016259384856208,-0.16893224279243427
0.136,0.12915,0.8821151515151515,-0.5041242424242424,2.33860606060606,0.8735216499725635,-0.5035497010599408,-0.16483879173613736
0.136,0.13119999999999998,0.8642242424242426,-0.5074787878787879,2.360969696969696,0.8537166364004748,-0.5053232745252718,-0.1606238611536316
0.136,0.13324999999999998,0.8460546875000001,-0.51059375,2.3824999999999994,0.833376363928622,-0.5070035079455126,-0.15628726588482114
0.136,0.13529999999999998,0.8245375000000004,-0.5126625,2.4068749999999994,0.8125192421272942,-0.5086258322740292,-0.15182962831657706
0.136,0.13734999999999997,0.8004500000000004,-0.5142,2.4324999999999997,0.7911326625130228,-0.5101942024404063,-0.14725244727763284
0.136,0.13939999999999997,0.7776000000000004,-0.5141333333333333,2.4539999999999997,0.7691691174105397,-0.5116707717738028,-0.14255816121116321
0.136,0.14145,0.754325,-0.5130333333333333,2.4720833333333334,0.7465449415004952,-0.5129663277430176,-0.1377502040048051
0.136,0.1435,0.7300869565217392,-0.5101739130434783,2.4997826086956523,0.7231426481473764,-0.5139327982409543,-0.13283305192766715
0.136,0.14554999999999998,0.7060217391304349,-0.5071434782608696,2.5291956521739127,0.698817658956255,-0.5143593201744047,-0.12781226025829454
0.136,0.14759999999999998,0.6801333333333336,-0.5028666666666667,2.559333333333333,0.6734098547335854,-0.5139733703278656,-0.12269448838522871
0.136,0.14964999999999998,0.6498388888888893,-0.4955777777777779,2.591222222222222,0.6467598059724183,-0.5124482206806932,-0.11748751241586439
0.136,0.15169999999999997,0.6198500000000003,-0.4875250000000001,2.6248571428571426,0.6187288131407305,-0.5094174511964382,-0.1122002246272546
0.136,0.15374999999999997,0.5928750000000004,-0.47831250000000014,2.6599999999999997,0.5892210966476957,-0.5044964373534446,-0.10684261941607091
0.136,0.1558,0.5663714285714286,-0.4690142857142857,2.6951428571428573,0.5582057669479634,-0.4973097014979054,-0.10142576573114932
0.136,0.15785,0.5327195652173915,-0.4559369565217392,2.7400217391304342,0.5257357465399523,-0.4875219255051936,-0.09596176627485062
0.136,0.1599,0.4996384615384618,-0.4414846153846155,2.7819230769230763,0.4919607647962877,-0.47486947504232974,-0.09046370401241681
0.136,0.16194999999999998,0.4711437500000003,-0.42733750000000015,2.8215312499999996,0.45713200071381715,-0.45918870923696525,-0.08494557670777161
0.136,0.16399999999999998,0.4447500000000003,-0.4135000000000002,2.8612499999999996,0.4215969026917108,-0.44043733041977884,-0.07942222029203473
0.136,0.16604999999999998,0.41821250000000043,-0.39946875000000037,2.901124999999999,0.38578404128079596,-0.41870565355535094,-0.07390922185892985
0.136,0.16809999999999997,0.38592500000000063,-0.37768750000000045,2.9472499999999995,0.3501793164910375,-0.3942158897108298,-0.06842282297189038
0.136,0.17014999999999997,0.3539900000000006,-0.3558500000000005,2.9932999999999996,0.3152961558837953,-0.3673091435923526,-0.06297981377564905
0.136,0.17219999999999996,0.3265200000000004,-0.33330000000000043,3.0383999999999993,0.28164323200957536,-0.3384215194399479,-0.057597418155295586
0.136,0.17425,0.30011666666666653,-0.31081666666666674,3.0821666666666667,0.24969351869265774,-0.30805218224657116,-0.05229316991034422
0.136,0.17629999999999998,0.2768466666666665,-0.2881066666666667,3.1200666666666663,0.21985815595646,-0.2767271607031336,-0.047084779644843644
0.136,0.17834999999999998,0.25231363636363646,-0.2624227272727274,3.163393939393939,0.19246770887204068,-0.24496295923857234,-0.04198999184975947
0.136,0.18039999999999998,0.22796190476190492,-0.2363809523809526,3.2074285714285713,0.16776219999965308,-0.21323367799951187,-0.03702643149877781
0.136,0.18244999999999997,0.21654047619047612,-0.21734523809523826,3.230857142857143,0.14589002558966074,-0.18194446663547972,-0.03221143941710823
0.136,0.18449999999999997,0.20072222222222227,-0.19225000000000037,3.259722222222222,0.12691476500132526,-0.15141298840531497,-0.02756189573816961
0.136,0.18654999999999997,0.17961666666666698,-0.1612000000000005,3.3002499999999992,0.11082811866547934,-0.12185939010266614,-0.023094030965607967
0.136,0.1886,0.16666666666666663,-0.13550400000000012,3.3276000000000003,0.09756682404311467,-0.09340426411394609,-0.018823224551443526
0.136,0.19065,0.15631111111111096,-0.11118111111111133,3.3505370370370366,0.08703137463000828,-0.06607337903450627,-0.014763791544527402
0.136,0.19269999999999998,0.14653333333333315,-0.08457407407407436,3.369814814814815,0.07910461608512612,-0.039807587872370966,-0.010928758823894331
0.136,0.19474999999999998,0.13874259259259256,-0.05868425925925955,3.3859259259259256,0.07366870103347965,-0.014476269837390969,-0.007329633763858506
0.136,0.19679999999999997,0.13337066666666658,-0.031110666666666998,3.3981333333333335,0.07061933884527682,0.010107152105588418,-0.003976169892954342
0.136,0.19884999999999997,0.13537499999999975,0.0018637499999997734,3.3947500000000006,0.06987669245371668,0.034168746516784726,-0.0008761361386625772
0.136,0.20089999999999997,0.13549999999999984,0.027198749999999626,3.39025,0.07139259964533866,0.05795741387574492,0.001964901581809315
0.136,0.20294999999999996,0.13538624999999999,0.05002874999999944,3.3916250000000003,0.0751540153651944,0.08172844282493263,0.004543775647593604
0.136,0.20499999999999996,0.14366666666666653,0.07898333333333277,3.3716666666666666,0.08118269850168394,0.10572744696456364,0.006859876631907636
0.136,0.20704999999999998,0.1508633333333333,0.1062566666666666,3.3593333333333333,0.08953123649788472,0.13017473362869508,0.008915264989436476
0.136,0.20909999999999998,0.1657599999999999,0.13727999999999985,3.332,0.10027555998945885,0.15525018915322375,0.010714722425362276
0.136,0.21114999999999998,0.1799633333333332,0.16707666666666646,3.3057333333333334,0.11350419388794152,0.1810789348009613,0.01226573300773631
0.136,0.21319999999999997,0.19210666666666654,0.19293333333333304,3.272666666666667,0.1293046573862042,0.20771828073655882,0.013578387669135241
0.136,0.21524999999999997,0.20511290322580628,0.21692741935483845,3.2398387096774197,0.14774768015250134,0.23514682667194672,0.014665210450901255
0.136,0.21729999999999997,0.21820645161290309,0.2401387096774191,3.20941935483871,0.16887023476121815,0.2632568516824258,0.015540910164210775
0.136,0.21934999999999996,0.23864374999999963,0.26866249999999947,3.167125000000001,0.1926587531300181,0.2918513141267345,0.016222066434853653
0.136,0.22139999999999999,0.26160869565217376,0.2967913043478259,3.12304347826087,0.21903422314585447,0.320646757689373,0.016726763705649583
0.136,0.22344999999999998,0.285228260869565,0.31622173913043455,3.0873913043478263,0.24784105465974587,0.34928312261232264,0.017074190139520468
0.136,0.22549999999999998,0.3088478260869562,0.33565217391304325,3.051739130434783,0.2788415624140843,0.37734086536972106,0.01728422014311427
0.136,0.22754999999999997,0.3378055555555551,0.35913333333333297,3.0066666666666673,0.31171756163306036,0.4043649310857382,0.017376999306361145
0.136,0.22959999999999997,0.3670370370370365,0.3828222222222218,2.961111111111112,0.34607988724327027,0.42989410989905946,0.017372549058408758
0.136,0.23164999999999997,0.3965239130434776,0.4048499999999996,2.9161521739130447,0.38148568317192655,0.45349331623026967,0.01729040559657464
0.136,0.23369999999999996,0.42656086956521677,0.42329999999999957,2.872478260869566,0.41746219936931006,0.47478556986541703,0.01714930408831963
0.136,0.23574999999999996,0.45659782608695576,0.44174999999999964,2.8288043478260874,0.4535347811281323,0.4934801286289918,0.01696691524433071
0.136,0.23779999999999996,0.4867666666666659,0.45903333333333296,2.7853333333333343,0.48925596010837485,0.5093934536223493,0.016759637540520622
0.136,0.23984999999999998,0.5171437499999993,0.47455624999999974,2.739812500000001,0.5242322459573551,0.5224604936776345,0.01654244496408254
0.136,0.24189999999999998,0.5490549999999993,0.4884649999999997,2.693150000000001,0.5581454674436773,0.5327350371961372,0.016328787394084287
0.136,0.24394999999999997,0.5804674999999991,0.5001349999999997,2.6510000000000007,0.5907662941792773,0.54037936663866,0.016130538704138126
0.136,0.24599999999999997,0.6104999999999992,0.5109999999999997,2.610000000000001,0.6219587335135818,0.5456448776441616,0.015957986396087278
0.136,0.24804999999999996,0.6362274999999994,0.5189949999999999,2.5772000000000013,0.6516757073872281,0.5488464229219074,0.015819855967009244
0.136,0.2501,0.6634959999999998,0.527036,2.54348,0.6799470146432234,0.5503337273101768,0.015723363157990687
0.136,0.25215,0.6953449999999997,0.5346825,2.5124750000000002,0.7068618629768337,0.5504632352439294,0.01567428759274334
0.136,0.2542,0.7267999999999997,0.5399999999999999,2.4848000000000003,0.7325485896931394,0.5495732610772589,0.015677061948361562
0.136,0.25625,0.7542499999999996,0.544,2.4550000000000005,0.7571541677392559,0.5479644748438388,0.015734871585803188
0.136,0.2583,0.7792599999999996,0.5472799999999999,2.42384,0.780825692691862,0.5458867711489888,0.015849760403678644
0.136,0.26034999999999997,0.8059133333333327,0.5494799999999999,2.3915666666666673,0.8036954054069787,0.5435326263943502,0.016022739491468166
0.136,0.26239999999999997,0.831155555555555,0.5499999999999999,2.365444444444445,0.8258700778758572,0.5410362900870406,0.016253895898507387
0.136,0.26444999999999996,0.8543199999999995,0.5497299999999999,2.3405000000000005,0.8474249105485078,0.5384776540764785,0.01654249947597428
0.136,0.26649999999999996,0.8739999999999994,0.5485,2.3200000000000003,0.8684015500612787,0.5358894099086865,0.01688710628103635
0.136,0.26854999999999996,0.8944999999999994,0.5464500000000001,2.299500000000001,0.8888094805097027,0.5332661018148976,0.017285657458042232
0.136,0.27059999999999995,0.9137199999999993,0.54344,2.2822000000000005,0.9086298700975101,0.5305738471239,0.017735572842086877
0.136,0.27264999999999995,0.9298470588235289,0.5399705882352942,2.2689117647058827,0.9278209393973531,0.52775975623813,0.01823383878040794
0.136,0.27469999999999994,0.9444499999999995,0.536057142857143,2.2576428571428577,0.9463240136819648,0.524760377628471,0.01877708985332497
0.136,0.27674999999999994,0.962916666666666,0.5298333333333336,2.240000000000001,0.9640695833096462,0.5215087722212753,0.0193616843144123
0.136,0.27879999999999994,0.9792999999999995,0.5233625000000002,2.222125000000001,0.9809828823871021,0.5179400566574113,0.019983773172967678
0.136,0.28085,0.9915999999999999,0.517725,2.20675,0.996988676573345,0.5139954328968749,0.02063936292159533
0.136,0.2829,1.0025249999999999,0.5114375,2.194625,1.0120151068239858,0.509624841431547,0.021324371976145114
0.136,0.28495,1.0097,0.5037500000000001,2.1895000000000002,1.025996557897702,0.5047884436546548,0.022034680949939166
0.136,0.287,1.0199999999999998,0.49600000000000016,2.1833333333333336,1.0388756068509317,0.4994571663001094,0.022766176932711244
0.136,0.28905,1.0302499999999999,0.4871166666666667,2.1719444444444447,1.0506041607134264,0.49361253883241946,0.023514791988662343
0.136,0.29109999999999997,1.0405,0.4787055555555556,2.1605555555555553,1.0611439198339836,0.48724603382508136,0.02427653612808522
0.136,0.29314999999999997,1.0501874999999998,0.4702875000000001,2.1498125,1.070466310626044,0.4803580893916993,0.025047525042837235
0.136,0.29519999999999996,1.05275,0.46055000000000024,2.14725,1.07855202494138,0.47295695810062416,0.02582400292696197
0.136,0.29724999999999996,1.0550000000000002,0.4508125000000003,2.1437500000000003,1.0853902884402669,0.4650574928946213,0.02660236072922808
0.136,0.29929999999999995,1.055375,0.44111250000000013,2.134625,1.0909779613121668,0.4566799499895544,0.027379150203615494
0.136,0.30134999999999995,1.0579375,0.43163125000000024,2.1320625,1.0953185545606172,0.44784886284661113,0.028151094136504285
0.136,0.30339999999999995,1.0602,0.4219400000000002,2.129,1.0984212257967692,0.4385920204758568,0.02891509313531068
0.136,0.30544999999999994,1.061225,0.41138250000000026,2.123875,1.100299801259436,0.42893956731673466,0.02966822936283214
0.136,0.30749999999999994,1.0612000000000001,0.4011400000000003,2.119,1.1009718561528188,0.41892323020389677,0.030407767594947864
0.136,0.30954999999999994,1.0579200000000002,0.3918740000000003,2.1149,1.100457873500564,0.40857566976983023,0.031131153967311743
0.136,0.3116,1.0546400000000002,0.3829120000000001,2.1108000000000002,1.098780492422624,0.3979299483421249,0.03183601275998468
0.136,0.31365,1.0533400000000002,0.3717620000000001,2.1067,1.0959638497651465,0.38701910329639105,0.0325201415485061
0.136,0.3157,1.0501562500000001,0.35959375000000016,2.10603125,1.0920330140025039,0.3758758133469204,0.03318150502659312
0.136,0.31775,1.0446875000000002,0.3478750000000002,2.10675,1.0870135069218143,0.36453214491823044,0.033818227780367284
0.136,0.3198,1.0370000000000001,0.33710000000000023,2.1074,1.080930906453294,0.35301936616292273,0.034428586267568284
0.136,0.32184999999999997,1.0293125,0.3271062500000002,2.1058624999999997,1.0738105228233172,0.3413678170855645,0.03501100022840208
0.136,0.32389999999999997,1.0216250000000002,0.3166062500000002,2.105,1.0656771397270093,0.32960682538553127,0.035564023728056636
0.136,0.32594999999999996,1.0139375000000002,0.3054593750000001,2.1050000000000004,1.056554812236296,0.3177646588926083,0.03608633600515558
0.136,0.32799999999999996,1.0057142857142858,0.29425,2.1064285714285713,1.046466713514194,0.3058685067350762,0.03657673227580294
0.136,0.33004999999999995,0.9978363636363637,0.28443030303030303,2.103242424242424,1.0354350229712774,0.293944482585059,0.03703411461982989
0.136,0.33209999999999995,0.991127272727273,0.274739393939394,2.0995151515151513,1.023480849182362,0.28201764443145577,0.037457483054547505
0.136,0.33414999999999995,0.9824095238095241,0.2645714285714287,2.0980476190476187,1.0106241816130723,0.27011202631731407,0.03784592688190301
0.136,0.33619999999999994,0.9674000000000005,0.25291428571428604,2.1037142857142856,0.9968838659400333,0.25825067833983845,0.038198616377479185
0.136,0.33824999999999994,0.9542934782608701,0.24170652173913085,2.1048913043478263,0.9822775984539627,0.24645571194985322,0.038514794874286586
0.136,0.34029999999999994,0.9410130434782614,0.2303869565217396,2.1022173913043476,0.96682193569235,0.23474834821119756,0.03879377128071414
0.136,0.34234999999999993,0.9276375000000007,0.21942500000000043,2.1002916666666667,0.9505323160471408,0.22314896719994948,0.039034913060266546
0.136,0.34439999999999993,0.9138000000000006,0.21020000000000033,2.102,0.9334230906282194,0.2116771571505287,0.03923763969066504
0.136,0.34645,0.8999625,0.20097500000000001,2.1037083333333335,0.9155075611352551,0.20035176230279905,0.03940141661147185
0.136,0.3485,0.8843125000000002,0.19112500000000002,2.105625,0.8967980229009767,0.18919092868293097,0.039525749662396414
0.136,0.35055,0.8630437500000004,0.17933750000000023,2.1081875,0.8773058116224076,0.17821214727175835,0.03961018000876346
0.136,0.35259999999999997,0.8429360000000005,0.1683600000000003,2.11024,0.8570413525979946,0.16743229418734465,0.039654279546104
0.136,0.35464999999999997,0.8256340000000006,0.15934000000000034,2.11106,0.8360142115433737,0.15686766764191273,0.03965764677232355
0.136,0.35669999999999996,0.8083320000000007,0.15032000000000034,2.11188,0.8142331462722814,0.1465340215345432,0.03961990311329367
0.136,0.35874999999999996,0.7892333333333339,0.1417083333333336,2.1143333333333336,0.7917061587069395,0.13644659561635536,0.03954068968585106
0.136,0.36079999999999995,0.7698266666666673,0.13316666666666688,2.1170666666666667,0.7684405468291375,0.12662014221949752,0.03941966448096804
0.136,0.36284999999999995,0.7504200000000005,0.12462500000000018,2.1198,0.7444429563035739,0.11706894957962496,0.03925649994919678
0.136,0.36489999999999995,0.7277200000000006,0.11571600000000024,2.12,0.7197194316027636,0.10780686180721072,0.03905088097022253
0.136,0.36694999999999994,0.7047600000000007,0.10677800000000032,2.12,0.6942754665414902,0.09884729557908851,0.03880250318849083
0.136,0.36899999999999994,0.6808333333333343,0.09838333333333363,2.1216666666666666,0.668116054191367,0.09020325363042067,0.03851107169725605
0.136,0.37104999999999994,0.6558291666666675,0.0905345833333336,2.1251249999999997,0.6412457361951924,0.08188733513087192,0.03817630005398014
0.136,0.37309999999999993,0.6283733333333342,0.0817616666666669,2.1300999999999997,0.6136686515386465,0.07391174302870938,0.03779790961078124
0.136,0.37514999999999993,0.6019142857142863,0.0741835714285716,2.1319999999999997,0.5853885848652983,0.06628828844414356,0.037375629144438385
0.136,0.3772,0.5761428571428571,0.06712571428571429,2.132,0.5564090144414842,0.05902839218950999,0.036909194771387446
0.136,0.37925,0.5502608695652174,0.06006847826086959,2.1320652173913044,0.5267331598916137,0.05214308348969173,0.03639835013403678
0.136,0.3813,0.5199565217391305,0.05303608695652176,2.1347391304347827,0.4963640298328048,0.04564299597214962,0.035842846845638716
0.136,0.38334999999999997,0.48740000000000006,0.04606804347826089,2.1406304347826084,0.46530446954153687,0.03953836099261871,0.03524244518180179
0.136,0.38539999999999996,0.4568857142857147,0.04030571428571435,2.143142857142857,0.43355720878451526,0.03383899836033044,0.034596915007529136
0.136,0.38744999999999996,0.42701428571428646,0.034880535714285836,2.1446071428571427,0.40112490994202965,0.028554304525904073,0.033906036929365876
0.136,0.38949999999999996,0.39590909090909177,0.029668181818181937,2.1459090909090905,0.3680102165449274,0.023693238296073078,0.03316960366285344
0.136,0.39154999999999995,0.3626388888888894,0.02486666666666673,2.1518333333333333,0.3342158023362546,0.019264304142400084,0.032387421605984866
0.136,0.39359999999999995,0.32868750000000035,0.020156250000000035,2.158375,0.29974442095586135,0.015275533176253209,0.03155931260972433
0.136,0.39564999999999995,0.290250000000001,0.015800000000000106,2.1635,0.26459895633093855,0.011734461869726077,0.030685115936908047
0.136,0.39769999999999994,0.2511555555555571,0.01177222222222234,2.1671111111111108,0.22878247383763411,0.008648108611964059,0.029764690400937877
0.136,0.39974999999999994,0.2090750000000017,0.008413250000000136,2.1715,0.1922982722785907,0.006022948202612802,0.0287979166756783
0.136,0.40179999999999993,0.16893600000000172,0.0056730400000000805,2.1768799999999997,0.15514993669859817,0.003864884398858945,0.027784699767755452
0.136,0.40384999999999993,0.13162066666666833,0.003914183333333411,2.18355,0.11734139203540218,0.002179220649821185,0.026724971642185347
0.136,0.4058999999999999,0.09562266666666844,0.0022352333333334152,2.1896999999999998,0.07887695757516175,0.0009706291718479159,0.025618693991779604
0.136,0.4079499999999999,0.048431666666668496,0.0011076458333333754,2.1875625000000003,0.039761402152161084,0.0002431185405448076,0.024465861140185403
0.136,0.41,0.0,0.0,2.184,1.2629893553994137e-32,1.1687193383299215e-31,0.023266503067719022
