manuscript_location,case_model,run_count,expected_run_count,sd_ddof,seeds,bc,sampling,weighting,timing_device,learning_rate,relative_l2_percent_mean,relative_l2_percent_sd_sample,relative_l2_percent_sd_population,relative_l2_percent_sd_manuscript,boundary_l2_mean,boundary_l2_sd_sample,boundary_l2_sd_population,boundary_l2_sd_manuscript,parameters,updates,elapsed_s_mean,elapsed_s_sd_sample,elapsed_s_sd_population,elapsed_s_sd_manuscript,source_files,provenance
Table 7,pinn_soft_uniform_fixed,3,3,1,0;1;2,soft,uniform,fixed,RTX 4070,0.005,228.09251149495444,41.23094104113219,33.66492238851709,41.23094104113219,3.9629035704354707,0.7021972433241414,0.573341648311036,0.7021972433241414,76,1000,8.138365066649081,0.046159571517338065,0.037689132320995376,0.046159571517338065,reviewer11_experiments/results/elastostatic_core/pinn_soft_uniform_fixed_seed0.json;reviewer11_experiments/results/elastostatic_core/pinn_soft_uniform_fixed_seed1.json;reviewer11_experiments/results/elastostatic_core/pinn_soft_uniform_fixed_seed2.json,supplementary archived individual runs
Table 7,pinn_hard_uniform_fixed,3,3,1,0;1;2,hard,uniform,fixed,RTX 4070,0.005,1.1382062919437885,0.04712351225296097,0.03847618663584844,0.04712351225296097,0.0,0.0,0.0,0.0,76,1000,6.9705452999915,0.29392724214190324,0.23999058825037983,0.29392724214190324,reviewer11_experiments/results/elastostatic_core/pinn_hard_uniform_fixed_seed0.json;reviewer11_experiments/results/elastostatic_core/pinn_hard_uniform_fixed_seed1.json;reviewer11_experiments/results/elastostatic_core/pinn_hard_uniform_fixed_seed2.json,supplementary archived individual runs
Table 7,pinn_soft_uniform_gradnorm,3,3,1,0;1;2,soft,uniform,gradnorm,RTX 4070,0.005,228.0394951502482,42.33196280097484,34.563902890955646,42.33196280097484,3.961299220819231,0.7208690032502678,0.5885870764506215,0.7208690032502678,76,1000,11.660198533306053,0.3452935752741661,0.28193102362766703,0.3452935752741661,reviewer11_experiments/results/elastostatic_core/pinn_soft_uniform_gradnorm_seed0.json;reviewer11_experiments/results/elastostatic_core/pinn_soft_uniform_gradnorm_seed1.json;reviewer11_experiments/results/elastostatic_core/pinn_soft_uniform_gradnorm_seed2.json,supplementary archived individual runs
Table 7,pinn_soft_adaptive_fixed,3,3,1,0;1;2,soft,adaptive,fixed,RTX 4070,0.005,259.6812804539998,13.116191817511003,10.709325773789951,13.116191817511003,4.531516653762003,0.205072275090568,0.16744081145451883,0.205072275090568,76,1000,7.697812533335916,0.058324769403139014,0.047621974801061055,0.058324769403139014,reviewer11_experiments/results/elastostatic_core/pinn_soft_adaptive_fixed_seed0.json;reviewer11_experiments/results/elastostatic_core/pinn_soft_adaptive_fixed_seed1.json;reviewer11_experiments/results/elastostatic_core/pinn_soft_adaptive_fixed_seed2.json,supplementary archived individual runs
Table 7,pinn_hard_adaptive_fixed,3,3,1,0;1;2,hard,adaptive,fixed,RTX 4070,0.005,17.109347879886627,1.19969705370714,0.9795485425009464,1.19969705370714,0.0,0.0,0.0,0.0,76,1000,7.068906033353414,0.5939226362052535,0.48493580179717116,0.5939226362052535,reviewer11_experiments/results/elastostatic_core/pinn_hard_adaptive_fixed_seed0.json;reviewer11_experiments/results/elastostatic_core/pinn_hard_adaptive_fixed_seed1.json;reviewer11_experiments/results/elastostatic_core/pinn_hard_adaptive_fixed_seed2.json,supplementary archived individual runs
Table 7,qpinn_soft_uniform_fixed,3,3,1,0;1;2,soft,uniform,fixed,RTX 4070,0.005,7.031895344456037,7.125162055418659,5.817670456805304,7.125162055418659,0.12098387396587597,0.12264669233368225,0.10014060495254631,0.12264669233368225,106,1000,316.58637539999717,2.8518701172681196,2.3285421999993727,2.8518701172681196,reviewer11_experiments/results/elastostatic_core/qpinn_soft_uniform_fixed_seed0.json;reviewer11_experiments/results/elastostatic_core/qpinn_soft_uniform_fixed_seed1.json;reviewer11_experiments/results/elastostatic_core/qpinn_soft_uniform_fixed_seed2.json,supplementary archived individual runs
Table 7,qpinn_hard_uniform_fixed,3,3,1,0;1;2,hard,uniform,fixed,RTX 4070,0.005,0.11846175378498931,0.04171937100960437,0.03406372378779726,0.04171937100960437,0.0,0.0,0.0,0.0,106,1000,265.0182716333463,58.62727530713306,47.86896983738264,58.62727530713306,reviewer11_experiments/results/elastostatic_core/qpinn_hard_uniform_fixed_seed0.json;reviewer11_experiments/results/elastostatic_core/qpinn_hard_uniform_fixed_seed1.json;reviewer11_experiments/results/elastostatic_core/qpinn_hard_uniform_fixed_seed2.json,supplementary archived individual runs
Table 7,qpinn_soft_uniform_gradnorm,3,3,1,0;1;2,soft,uniform,gradnorm,RTX 4070,0.005,6.88305323322614,7.08340193838888,5.783573464031347,7.08340193838888,0.11843262818039951,0.12193318086164948,0.09955802527517885,0.12193318086164948,106,1000,407.0649604333448,0.9053086049541499,0.7391813806295128,0.9053086049541499,reviewer11_experiments/results/elastostatic_core/qpinn_soft_uniform_gradnorm_seed0.json;reviewer11_experiments/results/elastostatic_core/qpinn_soft_uniform_gradnorm_seed1.json;reviewer11_experiments/results/elastostatic_core/qpinn_soft_uniform_gradnorm_seed2.json,supplementary archived individual runs
Table 7,qpinn_soft_adaptive_fixed,3,3,1,0;1;2,soft,adaptive,fixed,RTX 4070,0.005,13.569880401094755,11.121305117438117,9.080507603842245,11.121305117438117,0.23309875397721133,0.1905423616256179,0.15557718678921137,0.1905423616256179,106,1000,541.3772038666453,7.841541587218803,6.402591895166726,7.841541587218803,reviewer11_experiments/results/elastostatic_core/qpinn_soft_adaptive_fixed_seed0.json;reviewer11_experiments/results/elastostatic_core/qpinn_soft_adaptive_fixed_seed1.json;reviewer11_experiments/results/elastostatic_core/qpinn_soft_adaptive_fixed_seed2.json,supplementary archived individual runs
Table 7,qpinn_hard_adaptive_fixed,3,3,1,0;1;2,hard,adaptive,fixed,RTX 4070,0.005,1.8702782690525055,1.1747074229371677,0.9591445944186177,1.1747074229371677,0.0,0.0,0.0,0.0,106,1000,285.4976257666519,58.35234660416026,47.644491491406455,58.35234660416026,reviewer11_experiments/results/elastostatic_core/qpinn_hard_adaptive_fixed_seed0.json;reviewer11_experiments/results/elastostatic_core/qpinn_hard_adaptive_fixed_seed1.json;reviewer11_experiments/results/elastostatic_core/qpinn_hard_adaptive_fixed_seed2.json,supplementary archived individual runs
