manuscript_location,case_model,run_count,expected_run_count,sd_ddof,seeds,metric,manuscript_sd,error_percent_mean,error_percent_sd_sample,error_percent_sd_population,error_percent_sd_manuscript,parameters,updates,elapsed_s_mean,elapsed_s_sd_sample,elapsed_s_sd_population,elapsed_s_sd_manuscript,source_files,provenance
Table 4,heat/tanh5,3,3,0,0;1;2,relative L2 of solution,population (ddof=0); use *_sd_population for Table 4,11.483468115329742,7.260590242241465,5.9282471083073665,5.9282471083073665,261,50000,815.6398391666589,1.423430421100512,1.1622260720170814,1.1622260720170814,reviewer1_experiments/results/heat/tanh5_seed0.json;reviewer1_experiments/results/heat/tanh5_seed1.json;reviewer1_experiments/results/heat/tanh5_seed2.json,supplementary archived individual runs
Table 4,heat/siren,3,3,0,0;1;2,relative L2 of solution,population (ddof=0); use *_sd_population for Table 4,6.269722493986289,3.175996681139663,2.59319043118834,2.59319043118834,261,50000,799.4145333999768,1.1967572537211748,0.9771482058637945,0.9771482058637945,reviewer1_experiments/results/heat/siren_seed0.json;reviewer1_experiments/results/heat/siren_seed1.json;reviewer1_experiments/results/heat/siren_seed2.json,supplementary archived individual runs
Table 4,heat/adaptive,3,3,0,0;1;2,relative L2 of solution,population (ddof=0); use *_sd_population for Table 4,13.02525574962298,3.346363435083373,2.7322943032871345,2.7322943032871345,264,50000,1047.1738092000014,2.910542536484502,2.3764480296843074,2.3764480296843074,reviewer1_experiments/results/heat/adaptive_seed0.json;reviewer1_experiments/results/heat/adaptive_seed1.json;reviewer1_experiments/results/heat/adaptive_seed2.json,supplementary archived individual runs
Table 4,heat/fourier,3,3,0,0;1;2,relative L2 of solution,population (ddof=0); use *_sd_population for Table 4,3.3550977086027465,0.957941184285023,0.782155701698578,0.782155701698578,881,50000,875.4521176666798,1.4252520149447514,1.1637133971627418,1.1637133971627418,reviewer1_experiments/results/heat/fourier_seed0.json;reviewer1_experiments/results/heat/fourier_seed1.json;reviewer1_experiments/results/heat/fourier_seed2.json,supplementary archived individual runs
Table 4,heat/lossbalance,3,3,0,0;1;2,relative L2 of solution,population (ddof=0); use *_sd_population for Table 4,11.372015128533045,5.471640669086041,4.467575898373847,4.467575898373847,261,50000,693.8720865666788,1.3130099125202692,1.0720681042970124,1.0720681042970124,reviewer1_experiments/results/heat/lossbalance_seed0.json;reviewer1_experiments/results/heat/lossbalance_seed1.json;reviewer1_experiments/results/heat/lossbalance_seed2.json,supplementary archived individual runs
Table 4,poisson/tanh5,3,3,0,0;1;2,relative L2 of solution,population (ddof=0); use *_sd_population for Table 4,25.82949697971344,11.494693625302665,9.385378043871354,9.385378043871354,81,5000,59.745770833319206,0.2667293995744237,0.21778364278542223,0.21778364278542223,reviewer1_experiments/results/poisson/tanh5_seed0.json;reviewer1_experiments/results/poisson/tanh5_seed1.json;reviewer1_experiments/results/poisson/tanh5_seed2.json,supplementary archived individual runs
Table 4,poisson/tanh6,3,3,0,0;1;2,relative L2 of solution,population (ddof=0); use *_sd_population for Table 4,10.386715084314346,8.415074412116326,6.870879485745375,6.870879485745375,111,5000,65.56180936666594,0.40592992191882504,0.3314403933429794,0.3314403933429794,reviewer1_experiments/results/poisson/tanh6_seed0.json;reviewer1_experiments/results/poisson/tanh6_seed1.json;reviewer1_experiments/results/poisson/tanh6_seed2.json,supplementary archived individual runs
Table 4,poisson/siren,3,3,0,0;1;2,relative L2 of solution,population (ddof=0); use *_sd_population for Table 4,14.566756784915924,4.169365144550412,3.4042723851646453,3.4042723851646453,81,5000,54.769211366656236,0.34438515108406864,0.2811892983824204,0.2811892983824204,reviewer1_experiments/results/poisson/siren_seed0.json;reviewer1_experiments/results/poisson/siren_seed1.json;reviewer1_experiments/results/poisson/siren_seed2.json,supplementary archived individual runs
Table 4,poisson/adaptive,3,3,0,0;1;2,relative L2 of solution,population (ddof=0); use *_sd_population for Table 4,2.713737078011036,2.4141138113290355,1.9711156729205588,1.9711156729205588,84,5000,71.29334576668528,0.6356230529064191,0.5189840494569343,0.5189840494569343,reviewer1_experiments/results/poisson/adaptive_seed0.json;reviewer1_experiments/results/poisson/adaptive_seed1.json;reviewer1_experiments/results/poisson/adaptive_seed2.json,supplementary archived individual runs
Table 4,poisson/fourier05,3,3,0,0;1;2,relative L2 of solution,population (ddof=0); use *_sd_population for Table 4,1.7962077322105567,0.2443962057874962,0.1995486664171996,0.1995486664171996,391,5000,105.79551970002164,12.501695716880555,10.20759180863177,10.20759180863177,reviewer1_experiments/results/poisson_variants/fourier05_seed0.json;reviewer1_experiments/results/poisson_variants/fourier05_seed1.json;reviewer1_experiments/results/poisson_variants/fourier05_seed2.json,supplementary archived individual runs
Table 4,poisson/lossbalance,3,3,0,0;1;2,relative L2 of solution,population (ddof=0); use *_sd_population for Table 4,43.99614135424296,14.572882017499506,11.898708341551488,11.898708341551488,81,5000,83.28256526667003,0.8355551354819528,0.6822279112976174,0.6822279112976174,reviewer1_experiments/results/poisson/lossbalance_seed0.json;reviewer1_experiments/results/poisson/lossbalance_seed1.json;reviewer1_experiments/results/poisson/lossbalance_seed2.json,supplementary archived individual runs
Table 4,inverse/tanh2,3,3,0,0;1;2,EA relative error,population (ddof=0); use *_sd_population for Table 4,0.026287635167439777,0.006646632397023989,0.005426952626853543,0.005426952626853543,47,20000,122.00669303334628,0.2351967439674698,0.19203733729477288,0.19203733729477288,reviewer1_experiments/results/inverse/tanh2_seed0.json;reviewer1_experiments/results/inverse/tanh2_seed1.json;reviewer1_experiments/results/inverse/tanh2_seed2.json,supplementary archived individual runs
Table 4,inverse/siren,3,3,0,0;1;2,EA relative error,population (ddof=0); use *_sd_population for Table 4,0.09311437606811523,0.07204611427703765,0.05882540597632947,0.05882540597632947,77,20000,296.92360729999683,2.3032372640341015,1.8805853511491741,1.8805853511491741,reviewer1_experiments/results/inverse/siren_seed0.json;reviewer1_experiments/results/inverse/siren_seed1.json;reviewer1_experiments/results/inverse/siren_seed2.json,supplementary archived individual runs
Table 4,inverse/adaptive,3,3,0,0;1;2,EA relative error,population (ddof=0); use *_sd_population for Table 4,0.05500713984171549,0.02564256474560444,0.02093706644100387,0.02093706644100387,80,20000,274.6164265666351,0.5911529175056951,0.4826743359488501,0.4826743359488501,reviewer1_experiments/results/inverse/adaptive_seed0.json;reviewer1_experiments/results/inverse/adaptive_seed1.json;reviewer1_experiments/results/inverse/adaptive_seed2.json,supplementary archived individual runs
Table 4,inverse/fourier05,3,3,0,0;1;2,EA relative error,population (ddof=0); use *_sd_population for Table 4,0.0891725222269694,0.04673343722338543,0.03815769170789472,0.03815769170789472,392,20000,182.15283283337098,2.707911078321987,2.211000136906214,2.211000136906214,reviewer1_experiments/results/inverse_variants/fourier05_seed0.json;reviewer1_experiments/results/inverse_variants/fourier05_seed1.json;reviewer1_experiments/results/inverse_variants/fourier05_seed2.json,supplementary archived individual runs
Table 4,inverse/lossbalance,3,3,0,0;1;2,EA relative error,population (ddof=0); use *_sd_population for Table 4,0.004136562347412109,0.0008123743551922235,0.0006633008834478167,0.0006633008834478167,77,20000,190.09080250000503,0.37603874244050306,0.3070343474990325,0.3070343474990325,reviewer1_experiments/results/inverse/lossbalance_seed0.json;reviewer1_experiments/results/inverse/lossbalance_seed1.json;reviewer1_experiments/results/inverse/lossbalance_seed2.json,supplementary archived individual runs
