manuscript_location,case_model,run_count,expected_run_count,sd_ddof,seeds,manuscript_sd,relative_l2_percent_mean,relative_l2_percent_sd_sample,relative_l2_percent_sd_population,relative_l2_percent_sd_manuscript,parameters,updates,elapsed_s_mean,elapsed_s_sd_sample,elapsed_s_sd_population,elapsed_s_sd_manuscript,source_files,provenance,amplitude_reference,highest_frequency_amplitude_ratio_mean,highest_frequency_amplitude_ratio_sd_sample,highest_frequency_amplitude_ratio_sd_population,steps_to_half_amplitude_capped_at_budget_mean,steps_to_half_amplitude_capped_at_budget_sd_sample,steps_to_half_amplitude_capped_at_budget_sd_population,highest_frequency_amplitude_ratio_sd_manuscript,steps_to_half_amplitude_capped_at_budget_sd_manuscript,runs_below_half_at_budget,threshold_reporting
Table 6 / frequency diagnostics,f135/pih1,3,3,0,0;1;2,population (ddof=0); use *_sd_population for Table 6,7.118746576209863,5.2158976284138205,4.258762580068919,4.258762580068919,551,1500,288.33243556667975,0.740194035495698,0.6043658992053332,0.6043658992053332,reviewer1_experiments/results/fourier/f135_pih1_seed0.json;reviewer1_experiments/results/fourier/f135_pih1_seed1.json;reviewer1_experiments/results/fourier/f135_pih1_seed2.json,supplementary archived individual runs,recovered from archived float32 target ratio,0.9574003809667095,0.04308002702500009,0.03517469477218661,234.33333333333334,57.735026918962575,47.14045207910317,0.03517469477218661,47.14045207910317,0,>1500 when all runs remain below half; censored runs otherwise capped at 1500
Table 6 / frequency diagnostics,f135/pih2,3,3,0,0;1;2,population (ddof=0); use *_sd_population for Table 6,1.3835291688640912,0.6751336906091594,0.5512443500514959,0.5512443500514959,581,1500,245.1327899333361,0.5725134534612394,0.46745527728622677,0.46745527728622677,reviewer1_experiments/results/fourier/f135_pih2_seed0.json;reviewer1_experiments/results/fourier/f135_pih2_seed1.json;reviewer1_experiments/results/fourier/f135_pih2_seed2.json,supplementary archived individual runs,recovered from archived float32 target ratio,0.9985531660975648,0.0016514355614139994,0.0013483914895169903,201.0,0.0,0.0,0.0013483914895169903,0.0,0,>1500 when all runs remain below half; censored runs otherwise capped at 1500
Table 6 / frequency diagnostics,f135/pih3,3,3,0,0;1;2,population (ddof=0); use *_sd_population for Table 6,0.9077622399975857,0.35574321470256315,0.29046311849288076,0.29046311849288076,611,1500,324.8543395666832,1.0826644485202486,0.883991820508785,0.883991820508785,reviewer1_experiments/results/fourier/f135_pih3_seed0.json;reviewer1_experiments/results/fourier/f135_pih3_seed1.json;reviewer1_experiments/results/fourier/f135_pih3_seed2.json,supplementary archived individual runs,recovered from archived float32 target ratio,0.9983861723415127,0.0006624845508504469,0.0005409163706868302,201.0,0.0,0.0,0.0005409163706868302,0.0,0,>1500 when all runs remain below half; censored runs otherwise capped at 1500
Table 6 / frequency diagnostics,f135/fcnn5,3,3,0,0;1;2,population (ddof=0); use *_sd_population for Table 6,2.3647546457747617,2.4277513186843724,1.9822506510485685,1.9822506510485685,901,1500,4.123641000012867,0.10114492462630127,0.08258448513556756,0.08258448513556756,reviewer1_experiments/results/fourier/f135_fcnn5_seed0.json;reviewer1_experiments/results/fourier/f135_fcnn5_seed1.json;reviewer1_experiments/results/fourier/f135_fcnn5_seed2.json,supplementary archived individual runs,recovered from archived float32 target ratio,0.9914717830265029,0.01102357522973653,0.00900071148467945,334.3333333333333,57.735026918962575,47.14045207910317,0.00900071148467945,47.14045207910317,0,>1500 when all runs remain below half; censored runs otherwise capped at 1500
Table 6 / frequency diagnostics,f135/fcnn7,3,3,0,0;1;2,population (ddof=0); use *_sd_population for Table 6,1.987801616390546,1.7455140965788478,1.425206291817778,1.425206291817778,1741,1500,5.203454366652295,0.039090285234485656,0.03191708424144711,0.03191708424144711,reviewer1_experiments/results/fourier/f135_fcnn7_seed0.json;reviewer1_experiments/results/fourier/f135_fcnn7_seed1.json;reviewer1_experiments/results/fourier/f135_fcnn7_seed2.json,supplementary archived individual runs,recovered from archived float32 target ratio,0.9913287849886281,0.013087150411205171,0.010685613564835907,301.0,0.0,0.0,0.010685613564835907,0.0,0,>1500 when all runs remain below half; censored runs otherwise capped at 1500
Table 6 / frequency diagnostics,f135/fourier,3,3,0,0;1;2,population (ddof=0); use *_sd_population for Table 6,0.05599594008648031,0.09647316968382169,0.07877001319810076,0.07877001319810076,2161,1500,4.52620829998826,0.01924197467876882,0.01571100653551262,0.01571100653551262,reviewer1_experiments/results/fourier/f135_fourier_seed0.json;reviewer1_experiments/results/fourier/f135_fourier_seed1.json;reviewer1_experiments/results/fourier/f135_fourier_seed2.json,supplementary archived individual runs,recovered from archived float32 target ratio,0.9999901859054134,1.713200660935576e-05,1.3988224820970182e-05,101.0,0.0,0.0,1.3988224820970182e-05,0.0,0,>1500 when all runs remain below half; censored runs otherwise capped at 1500
Table 6 / frequency diagnostics,f1715/pih1,3,3,0,0;1;2,population (ddof=0); use *_sd_population for Table 6,23.666458825270336,6.0268312979555185,4.92088714860889,4.92088714860889,551,1500,165.2378930999936,0.7544390971424674,0.6159969433350252,0.6159969433350252,reviewer1_experiments/results/fourier/f1715_pih1_seed0.json;reviewer1_experiments/results/fourier/f1715_pih1_seed1.json;reviewer1_experiments/results/fourier/f1715_pih1_seed2.json,supplementary archived individual runs,recovered from archived float32 target ratio,0.330489867930271,0.06585069488285182,0.05376686722356342,1500.0,0.0,0.0,0.05376686722356342,0.0,3,>1500 when all runs remain below half; censored runs otherwise capped at 1500
Table 6 / frequency diagnostics,f1715/pih2,3,3,0,0;1;2,population (ddof=0); use *_sd_population for Table 6,21.16220047076543,0.8548048660857946,0.697945250519434,0.697945250519434,581,1500,245.75362223334378,0.5406068331548803,0.4414036308971255,0.4414036308971255,reviewer1_experiments/results/fourier/f1715_pih2_seed0.json;reviewer1_experiments/results/fourier/f1715_pih2_seed1.json;reviewer1_experiments/results/fourier/f1715_pih2_seed2.json,supplementary archived individual runs,recovered from archived float32 target ratio,0.31668813138094765,0.024144496283862515,0.019713898663995928,1500.0,0.0,0.0,0.019713898663995928,0.0,3,>1500 when all runs remain below half; censored runs otherwise capped at 1500
Table 6 / frequency diagnostics,f1715/pih3,3,3,0,0;1;2,population (ddof=0); use *_sd_population for Table 6,12.550373375415802,1.6082277095044974,1.3131124261636504,1.3131124261636504,611,1500,322.76852079998935,0.9190199658966088,0.7503766599588965,0.7503766599588965,reviewer1_experiments/results/fourier/f1715_pih3_seed0.json;reviewer1_experiments/results/fourier/f1715_pih3_seed1.json;reviewer1_experiments/results/fourier/f1715_pih3_seed2.json,supplementary archived individual runs,recovered from archived float32 target ratio,0.6814161031691777,0.06657676892993959,0.05435970420051094,1101.0,173.20508075688772,141.4213562373095,0.05435970420051094,141.4213562373095,0,>1500 when all runs remain below half; censored runs otherwise capped at 1500
Table 6 / frequency diagnostics,f1715/fcnn5,3,3,0,0;1;2,population (ddof=0); use *_sd_population for Table 6,28.828586637973785,6.97144217771561,5.692158702240136,5.692158702240136,901,1500,4.2781272333231755,0.2727998637675647,0.22274015604376604,0.22274015604376604,reviewer1_experiments/results/fourier/f1715_fcnn5_seed0.json;reviewer1_experiments/results/fourier/f1715_fcnn5_seed1.json;reviewer1_experiments/results/fourier/f1715_fcnn5_seed2.json,supplementary archived individual runs,recovered from archived float32 target ratio,0.32642324523929955,0.037715887844921976,0.03079489347203238,1500.0,0.0,0.0,0.03079489347203238,0.0,3,>1500 when all runs remain below half; censored runs otherwise capped at 1500
Table 6 / frequency diagnostics,f1715/fcnn7,3,3,0,0;1;2,population (ddof=0); use *_sd_population for Table 6,22.565467655658722,14.595038157573354,11.91679875416834,11.91679875416834,1741,1500,5.183468866685871,0.27454211565503706,0.2241626987530021,0.2241626987530021,reviewer1_experiments/results/fourier/f1715_fcnn7_seed0.json;reviewer1_experiments/results/fourier/f1715_fcnn7_seed1.json;reviewer1_experiments/results/fourier/f1715_fcnn7_seed2.json,supplementary archived individual runs,recovered from archived float32 target ratio,0.4988644147497484,0.34372376059265003,0.280649275307519,1367.0,230.36275740666068,188.09040379562165,0.280649275307519,188.09040379562165,1,>1500 when all runs remain below half; censored runs otherwise capped at 1500
Table 6 / frequency diagnostics,f1715/fourier,3,3,0,0;1;2,population (ddof=0); use *_sd_population for Table 6,0.2540460084020424,0.23133438441557277,0.1888837339263354,0.1888837339263354,2161,1500,4.660678033328925,0.02781436144489359,0.022710331020443585,0.022710331020443585,reviewer1_experiments/results/fourier/f1715_fourier_seed0.json;reviewer1_experiments/results/fourier/f1715_fourier_seed1.json;reviewer1_experiments/results/fourier/f1715_fourier_seed2.json,supplementary archived individual runs,recovered from archived float32 target ratio,0.9999037239654637,0.0008279660177551945,0.0006760314226214613,101.0,0.0,0.0,0.0006760314226214613,0.0,0,>1500 when all runs remain below half; censored runs otherwise capped at 1500
