manuscript_location,case_model,run_count,parameters,updates,sd_ddof,elapsed_s_mean,elapsed_s_sd_sample,elapsed_s_sd_population,elapsed_s_sd_manuscript,source_files
Table 1,heat/tanh5,5,261,50000,1,1047.2051201599884,3.61504249620808,3.233392305228717,3.61504249620808,reviewer2_experiments/results/heat_pinn/tanh5_seed0.json;reviewer2_experiments/results/heat_pinn/tanh5_seed1.json;reviewer2_experiments/results/heat_pinn/tanh5_seed2.json;reviewer2_experiments/results/heat_pinn/tanh5_seed3.json;reviewer2_experiments/results/heat_pinn/tanh5_seed4.json
Table 1,heat/tanh6,5,371,50000,1,1335.295796160004,5.260426668159182,4.705068648262664,5.260426668159182,reviewer2_experiments/results/heat_pinn/tanh6_seed0.json;reviewer2_experiments/results/heat_pinn/tanh6_seed1.json;reviewer2_experiments/results/heat_pinn/tanh6_seed2.json;reviewer2_experiments/results/heat_pinn/tanh6_seed3.json;reviewer2_experiments/results/heat_pinn/tanh6_seed4.json
Table 2,poisson/tanh5,5,81,5000,1,155.01905829999595,4.646445246841761,4.155906970267587,4.646445246841761,reviewer2_experiments/results/poisson_pinn/tanh5_seed0.json;reviewer2_experiments/results/poisson_pinn/tanh5_seed1.json;reviewer2_experiments/results/poisson_pinn/tanh5_seed2.json;reviewer2_experiments/results/poisson_pinn/tanh5_seed3.json;reviewer2_experiments/results/poisson_pinn/tanh5_seed4.json
Table 2,poisson/tanh6,5,111,5000,1,195.79293182000984,3.9212520885871616,3.507274490797568,3.9212520885871616,reviewer2_experiments/results/poisson_pinn/tanh6_seed0.json;reviewer2_experiments/results/poisson_pinn/tanh6_seed1.json;reviewer2_experiments/results/poisson_pinn/tanh6_seed2.json;reviewer2_experiments/results/poisson_pinn/tanh6_seed3.json;reviewer2_experiments/results/poisson_pinn/tanh6_seed4.json
Table 2,poisson/PIHCQNN,5,126,5000,1,4166.107625180006,8.589542350296421,7.682720236350444,8.589542350296421,reviewer2_experiments/results/poisson_qpinn/seed0.json;reviewer2_experiments/results/poisson_qpinn/seed1.json;reviewer2_experiments/results/poisson_qpinn/seed2.json;reviewer2_experiments/results/poisson_qpinn/seed3.json;reviewer2_experiments/results/poisson_qpinn/seed4.json
Table 4,heat/tanh5,3,261,50000,0,815.6398391666589,1.423430421100512,1.1622260720170814,1.1622260720170814,reviewer1_experiments/results/heat/tanh5_seed0.json;reviewer1_experiments/results/heat/tanh5_seed1.json;reviewer1_experiments/results/heat/tanh5_seed2.json
Table 4,heat/siren,3,261,50000,0,799.4145333999768,1.1967572537211748,0.9771482058637945,0.9771482058637945,reviewer1_experiments/results/heat/siren_seed0.json;reviewer1_experiments/results/heat/siren_seed1.json;reviewer1_experiments/results/heat/siren_seed2.json
Table 4,heat/adaptive,3,264,50000,0,1047.1738092000014,2.910542536484502,2.3764480296843074,2.3764480296843074,reviewer1_experiments/results/heat/adaptive_seed0.json;reviewer1_experiments/results/heat/adaptive_seed1.json;reviewer1_experiments/results/heat/adaptive_seed2.json
Table 4,heat/fourier,3,881,50000,0,875.4521176666798,1.4252520149447514,1.1637133971627418,1.1637133971627418,reviewer1_experiments/results/heat/fourier_seed0.json;reviewer1_experiments/results/heat/fourier_seed1.json;reviewer1_experiments/results/heat/fourier_seed2.json
Table 4,heat/lossbalance,3,261,50000,0,693.8720865666788,1.3130099125202692,1.0720681042970124,1.0720681042970124,reviewer1_experiments/results/heat/lossbalance_seed0.json;reviewer1_experiments/results/heat/lossbalance_seed1.json;reviewer1_experiments/results/heat/lossbalance_seed2.json
Table 4,poisson/tanh5,3,81,5000,0,59.745770833319206,0.2667293995744237,0.21778364278542223,0.21778364278542223,reviewer1_experiments/results/poisson/tanh5_seed0.json;reviewer1_experiments/results/poisson/tanh5_seed1.json;reviewer1_experiments/results/poisson/tanh5_seed2.json
Table 4,poisson/tanh6,3,111,5000,0,65.56180936666594,0.40592992191882504,0.3314403933429794,0.3314403933429794,reviewer1_experiments/results/poisson/tanh6_seed0.json;reviewer1_experiments/results/poisson/tanh6_seed1.json;reviewer1_experiments/results/poisson/tanh6_seed2.json
Table 4,poisson/siren,3,81,5000,0,54.769211366656236,0.34438515108406864,0.2811892983824204,0.2811892983824204,reviewer1_experiments/results/poisson/siren_seed0.json;reviewer1_experiments/results/poisson/siren_seed1.json;reviewer1_experiments/results/poisson/siren_seed2.json
Table 4,poisson/adaptive,3,84,5000,0,71.29334576668528,0.6356230529064191,0.5189840494569343,0.5189840494569343,reviewer1_experiments/results/poisson/adaptive_seed0.json;reviewer1_experiments/results/poisson/adaptive_seed1.json;reviewer1_experiments/results/poisson/adaptive_seed2.json
Table 4,poisson/fourier05,3,391,5000,0,105.79551970002164,12.501695716880555,10.20759180863177,10.20759180863177,reviewer1_experiments/results/poisson_variants/fourier05_seed0.json;reviewer1_experiments/results/poisson_variants/fourier05_seed1.json;reviewer1_experiments/results/poisson_variants/fourier05_seed2.json
Table 4,poisson/lossbalance,3,81,5000,0,83.28256526667003,0.8355551354819528,0.6822279112976174,0.6822279112976174,reviewer1_experiments/results/poisson/lossbalance_seed0.json;reviewer1_experiments/results/poisson/lossbalance_seed1.json;reviewer1_experiments/results/poisson/lossbalance_seed2.json
Table 4,inverse/tanh2,3,47,20000,0,122.00669303334628,0.2351967439674698,0.19203733729477288,0.19203733729477288,reviewer1_experiments/results/inverse/tanh2_seed0.json;reviewer1_experiments/results/inverse/tanh2_seed1.json;reviewer1_experiments/results/inverse/tanh2_seed2.json
Table 4,inverse/siren,3,77,20000,0,296.92360729999683,2.3032372640341015,1.8805853511491741,1.8805853511491741,reviewer1_experiments/results/inverse/siren_seed0.json;reviewer1_experiments/results/inverse/siren_seed1.json;reviewer1_experiments/results/inverse/siren_seed2.json
Table 4,inverse/adaptive,3,80,20000,0,274.6164265666351,0.5911529175056951,0.4826743359488501,0.4826743359488501,reviewer1_experiments/results/inverse/adaptive_seed0.json;reviewer1_experiments/results/inverse/adaptive_seed1.json;reviewer1_experiments/results/inverse/adaptive_seed2.json
Table 4,inverse/fourier05,3,392,20000,0,182.15283283337098,2.707911078321987,2.211000136906214,2.211000136906214,reviewer1_experiments/results/inverse_variants/fourier05_seed0.json;reviewer1_experiments/results/inverse_variants/fourier05_seed1.json;reviewer1_experiments/results/inverse_variants/fourier05_seed2.json
Table 4,inverse/lossbalance,3,77,20000,0,190.09080250000503,0.37603874244050306,0.3070343474990325,0.3070343474990325,reviewer1_experiments/results/inverse/lossbalance_seed0.json;reviewer1_experiments/results/inverse/lossbalance_seed1.json;reviewer1_experiments/results/inverse/lossbalance_seed2.json
Table 6 / frequency diagnostics,f135/pih1,3,551,1500,0,288.33243556667975,0.740194035495698,0.6043658992053332,0.6043658992053332,reviewer1_experiments/results/fourier/f135_pih1_seed0.json;reviewer1_experiments/results/fourier/f135_pih1_seed1.json;reviewer1_experiments/results/fourier/f135_pih1_seed2.json
Table 6 / frequency diagnostics,f135/pih2,3,581,1500,0,245.1327899333361,0.5725134534612394,0.46745527728622677,0.46745527728622677,reviewer1_experiments/results/fourier/f135_pih2_seed0.json;reviewer1_experiments/results/fourier/f135_pih2_seed1.json;reviewer1_experiments/results/fourier/f135_pih2_seed2.json
Table 6 / frequency diagnostics,f135/pih3,3,611,1500,0,324.8543395666832,1.0826644485202486,0.883991820508785,0.883991820508785,reviewer1_experiments/results/fourier/f135_pih3_seed0.json;reviewer1_experiments/results/fourier/f135_pih3_seed1.json;reviewer1_experiments/results/fourier/f135_pih3_seed2.json
Table 6 / frequency diagnostics,f135/fcnn5,3,901,1500,0,4.123641000012867,0.10114492462630127,0.08258448513556756,0.08258448513556756,reviewer1_experiments/results/fourier/f135_fcnn5_seed0.json;reviewer1_experiments/results/fourier/f135_fcnn5_seed1.json;reviewer1_experiments/results/fourier/f135_fcnn5_seed2.json
Table 6 / frequency diagnostics,f135/fcnn7,3,1741,1500,0,5.203454366652295,0.039090285234485656,0.03191708424144711,0.03191708424144711,reviewer1_experiments/results/fourier/f135_fcnn7_seed0.json;reviewer1_experiments/results/fourier/f135_fcnn7_seed1.json;reviewer1_experiments/results/fourier/f135_fcnn7_seed2.json
Table 6 / frequency diagnostics,f135/fourier,3,2161,1500,0,4.52620829998826,0.01924197467876882,0.01571100653551262,0.01571100653551262,reviewer1_experiments/results/fourier/f135_fourier_seed0.json;reviewer1_experiments/results/fourier/f135_fourier_seed1.json;reviewer1_experiments/results/fourier/f135_fourier_seed2.json
Table 6 / frequency diagnostics,f1715/pih1,3,551,1500,0,165.2378930999936,0.7544390971424674,0.6159969433350252,0.6159969433350252,reviewer1_experiments/results/fourier/f1715_pih1_seed0.json;reviewer1_experiments/results/fourier/f1715_pih1_seed1.json;reviewer1_experiments/results/fourier/f1715_pih1_seed2.json
Table 6 / frequency diagnostics,f1715/pih2,3,581,1500,0,245.75362223334378,0.5406068331548803,0.4414036308971255,0.4414036308971255,reviewer1_experiments/results/fourier/f1715_pih2_seed0.json;reviewer1_experiments/results/fourier/f1715_pih2_seed1.json;reviewer1_experiments/results/fourier/f1715_pih2_seed2.json
Table 6 / frequency diagnostics,f1715/pih3,3,611,1500,0,322.76852079998935,0.9190199658966088,0.7503766599588965,0.7503766599588965,reviewer1_experiments/results/fourier/f1715_pih3_seed0.json;reviewer1_experiments/results/fourier/f1715_pih3_seed1.json;reviewer1_experiments/results/fourier/f1715_pih3_seed2.json
Table 6 / frequency diagnostics,f1715/fcnn5,3,901,1500,0,4.2781272333231755,0.2727998637675647,0.22274015604376604,0.22274015604376604,reviewer1_experiments/results/fourier/f1715_fcnn5_seed0.json;reviewer1_experiments/results/fourier/f1715_fcnn5_seed1.json;reviewer1_experiments/results/fourier/f1715_fcnn5_seed2.json
Table 6 / frequency diagnostics,f1715/fcnn7,3,1741,1500,0,5.183468866685871,0.27454211565503706,0.2241626987530021,0.2241626987530021,reviewer1_experiments/results/fourier/f1715_fcnn7_seed0.json;reviewer1_experiments/results/fourier/f1715_fcnn7_seed1.json;reviewer1_experiments/results/fourier/f1715_fcnn7_seed2.json
Table 6 / frequency diagnostics,f1715/fourier,3,2161,1500,0,4.660678033328925,0.02781436144489359,0.022710331020443585,0.022710331020443585,reviewer1_experiments/results/fourier/f1715_fourier_seed0.json;reviewer1_experiments/results/fourier/f1715_fourier_seed1.json;reviewer1_experiments/results/fourier/f1715_fourier_seed2.json
Table 7,pinn_soft_uniform_fixed,3,76,1000,1,8.138365066649081,0.046159571517338065,0.037689132320995376,0.046159571517338065,reviewer11_experiments/results/elastostatic_core/pinn_soft_uniform_fixed_seed0.json;reviewer11_experiments/results/elastostatic_core/pinn_soft_uniform_fixed_seed1.json;reviewer11_experiments/results/elastostatic_core/pinn_soft_uniform_fixed_seed2.json
Table 7,pinn_hard_uniform_fixed,3,76,1000,1,6.9705452999915,0.29392724214190324,0.23999058825037983,0.29392724214190324,reviewer11_experiments/results/elastostatic_core/pinn_hard_uniform_fixed_seed0.json;reviewer11_experiments/results/elastostatic_core/pinn_hard_uniform_fixed_seed1.json;reviewer11_experiments/results/elastostatic_core/pinn_hard_uniform_fixed_seed2.json
Table 7,pinn_soft_uniform_gradnorm,3,76,1000,1,11.660198533306053,0.3452935752741661,0.28193102362766703,0.3452935752741661,reviewer11_experiments/results/elastostatic_core/pinn_soft_uniform_gradnorm_seed0.json;reviewer11_experiments/results/elastostatic_core/pinn_soft_uniform_gradnorm_seed1.json;reviewer11_experiments/results/elastostatic_core/pinn_soft_uniform_gradnorm_seed2.json
Table 7,pinn_soft_adaptive_fixed,3,76,1000,1,7.697812533335916,0.058324769403139014,0.047621974801061055,0.058324769403139014,reviewer11_experiments/results/elastostatic_core/pinn_soft_adaptive_fixed_seed0.json;reviewer11_experiments/results/elastostatic_core/pinn_soft_adaptive_fixed_seed1.json;reviewer11_experiments/results/elastostatic_core/pinn_soft_adaptive_fixed_seed2.json
Table 7,pinn_hard_adaptive_fixed,3,76,1000,1,7.068906033353414,0.5939226362052535,0.48493580179717116,0.5939226362052535,reviewer11_experiments/results/elastostatic_core/pinn_hard_adaptive_fixed_seed0.json;reviewer11_experiments/results/elastostatic_core/pinn_hard_adaptive_fixed_seed1.json;reviewer11_experiments/results/elastostatic_core/pinn_hard_adaptive_fixed_seed2.json
Table 7,qpinn_soft_uniform_fixed,3,106,1000,1,316.58637539999717,2.8518701172681196,2.3285421999993727,2.8518701172681196,reviewer11_experiments/results/elastostatic_core/qpinn_soft_uniform_fixed_seed0.json;reviewer11_experiments/results/elastostatic_core/qpinn_soft_uniform_fixed_seed1.json;reviewer11_experiments/results/elastostatic_core/qpinn_soft_uniform_fixed_seed2.json
Table 7,qpinn_hard_uniform_fixed,3,106,1000,1,265.0182716333463,58.62727530713306,47.86896983738264,58.62727530713306,reviewer11_experiments/results/elastostatic_core/qpinn_hard_uniform_fixed_seed0.json;reviewer11_experiments/results/elastostatic_core/qpinn_hard_uniform_fixed_seed1.json;reviewer11_experiments/results/elastostatic_core/qpinn_hard_uniform_fixed_seed2.json
Table 7,qpinn_soft_uniform_gradnorm,3,106,1000,1,407.0649604333448,0.9053086049541499,0.7391813806295128,0.9053086049541499,reviewer11_experiments/results/elastostatic_core/qpinn_soft_uniform_gradnorm_seed0.json;reviewer11_experiments/results/elastostatic_core/qpinn_soft_uniform_gradnorm_seed1.json;reviewer11_experiments/results/elastostatic_core/qpinn_soft_uniform_gradnorm_seed2.json
Table 7,qpinn_soft_adaptive_fixed,3,106,1000,1,541.3772038666453,7.841541587218803,6.402591895166726,7.841541587218803,reviewer11_experiments/results/elastostatic_core/qpinn_soft_adaptive_fixed_seed0.json;reviewer11_experiments/results/elastostatic_core/qpinn_soft_adaptive_fixed_seed1.json;reviewer11_experiments/results/elastostatic_core/qpinn_soft_adaptive_fixed_seed2.json
Table 7,qpinn_hard_adaptive_fixed,3,106,1000,1,285.4976257666519,58.35234660416026,47.644491491406455,58.35234660416026,reviewer11_experiments/results/elastostatic_core/qpinn_hard_adaptive_fixed_seed0.json;reviewer11_experiments/results/elastostatic_core/qpinn_hard_adaptive_fixed_seed1.json;reviewer11_experiments/results/elastostatic_core/qpinn_hard_adaptive_fixed_seed2.json
Table 8,lr1e-4,2,106,500,1,99.00500760000432,0.3459098491285348,0.2445951999980025,0.3459098491285348,reviewer11_experiments/results/sensitivity/lr1e-4_seed0.json;reviewer11_experiments/results/sensitivity/lr1e-4_seed1.json
Table 8,lr5e-4,2,106,500,1,99.53210245000082,0.21831532959254657,0.15437224999186583,0.21831532959254657,reviewer11_experiments/results/sensitivity/lr5e-4_seed0.json;reviewer11_experiments/results/sensitivity/lr5e-4_seed1.json
Table 8,lr1e-3,2,106,500,1,98.45339444998535,1.21487287758237,0.8590448500181083,1.21487287758237,reviewer11_experiments/results/sensitivity/lr1e-3_seed0.json;reviewer11_experiments/results/sensitivity/lr1e-3_seed1.json
Table 8,lr2e-3,2,106,500,1,99.07369240000844,0.9627684504079135,0.6807800999959,0.9627684504079135,reviewer11_experiments/results/sensitivity/lr2e-3_seed0.json;reviewer11_experiments/results/sensitivity/lr2e-3_seed1.json
Table 8,lr5e-3,2,106,500,1,57.45740775001468,0.3029995690673271,0.21425304998410866,0.3029995690673271,reviewer11_experiments/results/sensitivity/lr5e-3_seed0.json;reviewer11_experiments/results/sensitivity/lr5e-3_seed1.json
Table 8,lr1e-2,2,106,500,1,90.05679125001188,0.6619449316902825,0.46806574997026473,0.6619449316902825,reviewer11_experiments/results/sensitivity/lr1e-2_seed0.json;reviewer11_experiments/results/sensitivity/lr1e-2_seed1.json
Table 8,q2,2,55,500,1,42.55169415002456,0.127511080917851,0.09016394999343902,0.127511080917851,reviewer11_experiments/results/sensitivity/q2_seed0.json;reviewer11_experiments/results/sensitivity/q2_seed1.json
Table 8,q4,2,89,500,1,73.06521939998493,0.2508293014788794,0.17736309999600053,0.2508293014788794,reviewer11_experiments/results/sensitivity/q4_seed0.json;reviewer11_experiments/results/sensitivity/q4_seed1.json
Table 8,q6,2,123,500,1,114.01734404999297,0.5526416382754089,0.3907766499905847,0.5526416382754089,reviewer11_experiments/results/sensitivity/q6_seed0.json;reviewer11_experiments/results/sensitivity/q6_seed1.json
Table 8,q10,2,191,500,1,188.95261484998628,1.1496097501144742,0.8128968500241172,1.1496097501144742,reviewer11_experiments/results/sensitivity/q10_seed0.json;reviewer11_experiments/results/sensitivity/q10_seed1.json
Table 8,w10,2,176,500,1,103.93230165002751,0.5316302431091904,0.37591934998636134,0.5316302431091904,reviewer11_experiments/results/sensitivity/w10_seed0.json;reviewer11_experiments/results/sensitivity/w10_seed1.json
Table 8,w20,2,316,500,1,97.85132745001465,0.8080889127345728,0.5714051499962807,0.8080889127345728,reviewer11_experiments/results/sensitivity/w20_seed0.json;reviewer11_experiments/results/sensitivity/w20_seed1.json
Table 8,n2,2,121,500,1,155.0747695500031,1.0278294160717514,0.7267851500073448,1.0278294160717514,reviewer11_experiments/results/sensitivity/n2_seed0.json;reviewer11_experiments/results/sensitivity/n2_seed1.json
Table 8,n3,2,136,500,1,152.94673845003126,0.32896085315358975,0.2326104500098154,0.32896085315358975,reviewer11_experiments/results/sensitivity/n3_seed0.json;reviewer11_experiments/results/sensitivity/n3_seed1.json
Table 8 / ansatz,full,2,106,600,1,91.672266449983,0.8476166060543292,0.5993554499873426,0.8476166060543292,reviewer11_experiments/results/ansatz/full_seed0.json;reviewer11_experiments/results/ansatz/full_seed1.json
Table 8 / ansatz,ry,2,86,600,1,91.79153985000448,0.7312215972692507,0.5170517499791458,0.7312215972692507,reviewer11_experiments/results/ansatz/ry_seed0.json;reviewer11_experiments/results/ansatz/ry_seed1.json
Table 8 / ansatz,ryrz,2,96,600,1,91.99404520000098,0.10863380472034885,0.07681569998385385,0.10863380472034885,reviewer11_experiments/results/ansatz/ryrz_seed0.json;reviewer11_experiments/results/ansatz/ryrz_seed1.json
Table 11,pinn,3,,5000,1,152.5582936333182,5.015604663981775,4.095224059426275,5.015604663981775,reviewer11_experiments/results/variable_inverse_pinn_seed0.json;reviewer11_experiments/results/variable_inverse_pinn_seed1.json;reviewer11_experiments/results/variable_inverse_pinn_seed2.json
Table 11,qpinn,3,,5000,1,1735.166874266676,7.591626067838746,6.198536728072133,7.591626067838746,reviewer11_experiments/results/variable_inverse_qpinn_seed0.json;reviewer11_experiments/results/variable_inverse_qpinn_seed1.json;reviewer11_experiments/results/variable_inverse_qpinn_seed2.json
Section 3.5.4 / fixed-weight study,pinn/lambdaBC=0.1,3,76,1000,1,3.1927343332984797,0.38964292785863736,0.31814211837924605,0.38964292785863736,reviewer_supplement_20261007/fixed_weights/runs/pinn_lambdaBC0.1_seed0/result.json;reviewer_supplement_20261007/fixed_weights/runs/pinn_lambdaBC0.1_seed1/result.json;reviewer_supplement_20261007/fixed_weights/runs/pinn_lambdaBC0.1_seed2/result.json
Section 3.5.4 / fixed-weight study,pinn/lambdaBC=1,3,76,1000,1,3.1471802999731153,0.13261253388665495,0.10827768050661596,0.13261253388665495,reviewer_supplement_20261007/fixed_weights/runs/pinn_lambdaBC1_seed0/result.json;reviewer_supplement_20261007/fixed_weights/runs/pinn_lambdaBC1_seed1/result.json;reviewer_supplement_20261007/fixed_weights/runs/pinn_lambdaBC1_seed2/result.json
Section 3.5.4 / fixed-weight study,pinn/lambdaBC=10,3,76,1000,1,3.1089594666846097,0.23775575517607564,0.19412676119715527,0.23775575517607564,reviewer_supplement_20261007/fixed_weights/runs/pinn_lambdaBC10_seed0/result.json;reviewer_supplement_20261007/fixed_weights/runs/pinn_lambdaBC10_seed1/result.json;reviewer_supplement_20261007/fixed_weights/runs/pinn_lambdaBC10_seed2/result.json
Section 3.5.4 / fixed-weight study,qpinn/lambdaBC=0.1,3,106,1000,1,80.11199856673677,0.6481418953852311,0.5292056415380572,0.6481418953852311,reviewer_supplement_20261007/fixed_weights/runs/qpinn_lambdaBC0.1_seed0/result.json;reviewer_supplement_20261007/fixed_weights/runs/qpinn_lambdaBC0.1_seed1/result.json;reviewer_supplement_20261007/fixed_weights/runs/qpinn_lambdaBC0.1_seed2/result.json
Section 3.5.4 / fixed-weight study,qpinn/lambdaBC=1,3,106,1000,1,70.35242293332703,0.14484553657924318,0.11826588537959393,0.14484553657924318,reviewer_supplement_20261007/fixed_weights/runs/qpinn_lambdaBC1_seed0/result.json;reviewer_supplement_20261007/fixed_weights/runs/qpinn_lambdaBC1_seed1/result.json;reviewer_supplement_20261007/fixed_weights/runs/qpinn_lambdaBC1_seed2/result.json
Section 3.5.4 / fixed-weight study,qpinn/lambdaBC=10,3,106,1000,1,70.10526663328831,0.22387209958199036,0.18279080387380653,0.22387209958199036,reviewer_supplement_20261007/fixed_weights/runs/qpinn_lambdaBC10_seed0/result.json;reviewer_supplement_20261007/fixed_weights/runs/qpinn_lambdaBC10_seed1/result.json;reviewer_supplement_20261007/fixed_weights/runs/qpinn_lambdaBC10_seed2/result.json
