x,u_fem,u_exact
0.0,0.0,0.0
0.005,0.015707280242336318,0.015707317311820675
0.01,0.031414560484672636,0.03141075907812829
0.015,0.04710627861117507,0.04710645070964266
0.02,0.06279799673767751,0.06279051952931337
0.025,0.07845866561138994,0.07845909572784494
0.03,0.09411933448510236,0.09410831331851431
0.035,0.10973349583704689,0.10973431109104528
0.04,0.1253476571889914,0.12533323356430426
0.045,0.14089989725684193,0.14090123193758267
0.05,0.15645213732469243,0.15643446504023087
0.055,0.17192710254628968,0.17192910027940952
0.06,0.18740206776788695,0.1873813145857246
0.065,0.20278448048756031,0.2027872953565125
0.07,0.2181668932072337,0.21814324139654256
0.075,0.23344156735257482,0.2334453638559054
0.08,0.24871624149791596,0.2486898871648548
0.085,0.2638680981845174,0.2638730499653729
0.09,0.2790199548711188,0.2789911060392293
0.095,0.2940340378923283,0.29404032523230395
0.1,0.30904812091353784,0.3090169943749474
0.105,0.32390961207129165,0.32391741819814934
0.11,0.3387711032290455,0.33873792024529137
0.115,0.3534653374604715,0.35347484377925714
0.12,0.3681595716918975,0.3681245526846779
0.125,0.38267205194512816,0.3826834323650898
0.13,0.3971845321983588,0.3971478906347806
0.135,0.4115009440106804,0.4115143586051088
0.14,0.425817355823002,0.4257792915650727
0.145,0.439923581556124,0.4399391698559151
0.15,0.45402980728924613,0.45399049973954675
0.155,0.4679119399811944,0.4679298142605734
0.16,0.48179407267314267,0.4817536741017153
0.165,0.49543842947493827,0.4954586684324076
0.17,0.5090827862767339,0.5090414157503713
0.175,0.522475921455011,0.5224985647159488
0.18,0.5358690566332881,0.5358267949789967
0.185,0.5489977741368947,0.5490228179981318
0.19,0.5621264916405012,0.5620833778521306
0.195,0.5749778572485167,0.5750052520432786
0.2,0.5878292228565322,0.5877852522924731
0.205,0.6003905759446431,0.6004202253258839
0.21,0.612951929032754,0.6129070536529764
0.215,0.6252108940115202,0.6252426563357051
0.22,0.6374698589902865,0.6374239897486896
0.225,0.6494143564794383,0.6494480483301837
0.23,0.6613588539685902,0.6613118653236518
0.235,0.6729771117737428,0.6730125135097732
0.24,0.6845953695788953,0.6845471059286886
0.245,0.6958759335299781,0.6959127965923143
0.25,0.7071564974810609,0.7071067811865476
0.255,0.718088242176124,0.7181262977631888
0.26,0.7290199868711871,0.7289686274214116
0.265,0.7395921263475125,0.7396310949786097
0.27,0.7501642658238379,0.7501110696304596
0.275,0.760366364154013,0.760405965600031
0.28,0.7705684624841881,0.7705132427757893
0.285,0.780390444271782,0.7804304073383297
0.29,0.7902124260593761,0.7901550123756903
0.295,0.7996445867903195,0.7996846584870905
0.3,0.8090767475212629,0.8090169943749475
0.305,0.8181097637149422,0.8181497174250234
0.31,0.8271427799086213,0.8270805742745618
0.315,0.8357677190076691,0.8358073613682702
0.32,0.8443926581067169,0.8443279255020151
0.325,0.8526009880458241,0.8526401643540922
0.33,0.8608093179849311,0.8607420270039436
0.335,0.8685929163852202,0.8686315144381913
0.34,0.8763765147855093,0.8763066800438637
0.345,0.8837276777302386,0.8837656300886934
0.35,0.891078840674968,0.8910065241883678
0.355,0.8979902910327671,0.8980275757606155
0.36,0.9049017413905662,0.9048270524660196
0.365,0.9113666366625963,0.9114032766354452
0.37,0.9178315319346263,0.9177546256839811
0.375,0.9238434716109964,0.9238795325112867
0.38,0.9298554112873666,0.9297764858882513
0.385,0.9354084437052619,0.9354440308298673
0.39,0.9409614761231573,0.9408807689542255
0.395,0.9460501048242287,0.9460853588275453
0.4,0.9511387335253,0.9510565162951535
0.405,0.9557579231129489,0.9557930147983301
0.41,0.960377112700598,0.960293685676943
0.415,0.9645222941989847,0.9645574184577981
0.42,0.9686674756973714,0.9685831611286311
0.425,0.9723345514134271,0.9723699203976766
0.43,0.9760016271294827,0.9759167619387473
0.435,0.9791869750170377,0.9792228106217657
0.44,0.9823723229045928,0.9822872507286886
0.445,0.9850728004259637,0.985109326154774
0.45,0.9877732779473347,0.9876883405951378
0.455,0.9899862254223464,0.9900236577165575
0.46,0.9921991728973579,0.9921147013144779
0.465,0.9939224163227958,0.9939609554551797
0.47,0.9956456597482335,0.99556196460308
0.475,0.996877513062207,0.996917333733128
0.48,0.9981093663761803,0.9980267284282716
0.485,0.9988486331321802,0.99888987496197
0.49,0.9995878998881802,0.9995065603657316
0.495,0.9998338742935784,0.9998766324816606
0.5,1.0000798486989766,1.0
0.505,0.9998323159639377,0.9998766324816606
0.51,0.999584783228899,0.9995065603657316
0.515,0.9988440191667994,0.99888987496197
0.52,0.9981032551046999,0.9980267284282716
0.525,0.9968700249279253,0.996917333733128
0.53,0.9956367947511507,0.99556196460308
0.535,0.9939123510212222,0.9939609554551797
0.54,0.9921879072912936,0.9921147013144778
0.545,0.9899739870141697,0.9900236577165575
0.55,0.9877600667370459,0.9876883405951377
0.555,0.9850588876458066,0.9851093261547739
0.56,0.9823577085545673,0.9822872507286886
0.565,0.9791719646905385,0.9792228106217659
0.57,0.9759862208265095,0.9759167619387474
0.575,0.9723190776071391,0.9723699203976767
0.58,0.9686519343877686,0.9685831611286312
0.585,0.9645070234178397,0.9645574184577982
0.59,0.9603621124479106,0.9602936856769431
0.595,0.9557435263668372,0.9557930147983302
0.6,0.9511249402857639,0.9510565162951536
0.605,0.9460372279259207,0.9460853588275454
0.61,0.9409495155660775,0.9408807689542255
0.615,0.9353976776148138,0.9354440308298674
0.62,0.9298458396635501,0.9297764858882515
0.625,0.9238353248841847,0.9238795325112867
0.63,0.9178248101048194,0.9177546256839813
0.635,0.9113615120099761,0.9114032766354453
0.64,0.9048982139151326,0.9048270524660195
0.645,0.8979884676417779,0.8980275757606156
0.65,0.8910787213684231,0.8910065241883679
0.655,0.8837293004162362,0.8837656300886935
0.66,0.8763798794640493,0.8763066800438635
0.665,0.8685979919463728,0.8686315144381912
0.67,0.8608161044286963,0.8607420270039436
0.675,0.8526093885424201,0.8526401643540923
0.68,0.8444026726561439,0.844327925502015
0.685,0.8357791911780792,0.8358073613682702
0.69,0.8271557097000145,0.827080574274562
0.695,0.8181239434303825,0.8181497174250237
0.7,0.8090921771607505,0.8090169943749475
0.705,0.79966101733232,0.7996846584870906
0.71,0.7902298575038894,0.7901550123756905
0.715,0.7804085972429622,0.7804304073383299
0.72,0.770587336982035,0.7705132427757893
0.725,0.760385661942016,0.7604059656000309
0.73,0.750183986901997,0.7501110696304596
0.735,0.7396119651972134,0.7396310949786099
0.74,0.7290399434924298,0.7289686274214114
0.745,0.7181080150483738,0.7181262977631888
0.75,0.7071760866043179,0.7071067811865476
0.755,0.6958950520196562,0.6959127965923144
0.76,0.6846140174349945,0.6845471059286888
0.765,0.6729950264275883,0.6730125135097733
0.77,0.6613760354201821,0.6613118653236518
0.775,0.649430574908487,0.6494480483301838
0.78,0.6374851143967918,0.6374239897486899
0.785,0.6252249962516919,0.6252426563357051
0.79,0.6129648781065921,0.6129070536529764
0.795,0.6004022265977212,0.600420225325884
0.8,0.5878395750888504,0.5877852522924732
0.805,0.5749868140436305,0.5750052520432783
0.81,0.5621340529984106,0.5620833778521305
0.815,0.5490038926907437,0.549022817998132
0.82,0.5358737323830767,0.535826794978997
0.825,0.5224791561709936,0.5224985647159489
0.83,0.5090845799589105,0.5090414157503714
0.835,0.4954388306954625,0.49545866843240777
0.84,0.4817930814320145,0.4817536741017156
0.845,0.4679096476801279,0.4679298142605734
0.85,0.4540262139282412,0.45399049973954686
0.855,0.43991881601679916,0.4399391698559153
0.86,0.42581141810535716,0.4257792915650729
0.865,0.41149399406896237,0.4115143586051087
0.87,0.39717657003256757,0.3971478906347806
0.875,0.3826632614797929,0.3826834323650899
0.88,0.36814995292701824,0.36812455268467814
0.885,0.35345509088019966,0.3534748437792574
0.89,0.3387602288333811,0.3387379202452913
0.895,0.323898319576354,0.32391741819814945
0.9,0.30903641031932694,0.3090169943749475
0.905,0.2940221212779614,0.29404032523230417
0.91,0.27900783223659587,0.2789911060392291
0.915,0.26385597790151627,0.2638730499653728
0.92,0.24870412356643665,0.24868988716485482
0.925,0.23342965144984223,0.23344536385590553
0.93,0.21815517933324785,0.21814324139654231
0.935,0.2027731559348654,0.20278729535651233
0.94,0.18739113253648296,0.18738131458572502
0.945,0.17191672928010895,0.17192910027941002
0.95,0.15644232602373495,0.15643446504023098
0.955,0.1408908051178121,0.14090123193758286
0.96,0.12533928421188922,0.12533323356430454
0.965,0.10972598438634901,0.10973431109104564
0.97,0.0941126845608088,0.09410831331851435
0.975,0.07845300663796087,0.07845909572784507
0.98,0.06279332871511292,0.06279051952931358
0.985,0.04710272098342634,0.04710645070964296
0.99,0.03141211325173975,0.031410759078128236
0.995,0.015706056625869876,0.01570731731182071
1.0,0.0,1.2246467991473532e-16
