manuscript_location,case_model,run_count,expected_run_count,sd_ddof,seeds,relative_l2_percent_mean,relative_l2_percent_sd_sample,relative_l2_percent_sd_population,relative_l2_percent_sd_manuscript,parameters,updates,elapsed_s_mean,elapsed_s_sd_sample,elapsed_s_sd_population,elapsed_s_sd_manuscript,source_files,provenance,lr,qubits,width,n,bc,sampling,weighting
Table 8,lr1e-4,2,2,1,0;1,99.76066946983337,0.7870755372015417,0.5565464496612549,0.7870755372015417,106,500,99.00500760000432,0.3459098491285348,0.2445951999980025,0.3459098491285348,reviewer11_experiments/results/sensitivity/lr1e-4_seed0.json;reviewer11_experiments/results/sensitivity/lr1e-4_seed1.json,supplementary archived individual runs,0.0001,5,5,1,hard,uniform,fixed
Table 8,lr5e-4,2,2,1,0;1,71.59686982631683,3.3208049850764048,2.3481637239456177,3.3208049850764048,106,500,99.53210245000082,0.21831532959254657,0.15437224999186583,0.21831532959254657,reviewer11_experiments/results/sensitivity/lr5e-4_seed0.json;reviewer11_experiments/results/sensitivity/lr5e-4_seed1.json,supplementary archived individual runs,0.0005,5,5,1,hard,uniform,fixed
Table 8,lr1e-3,2,2,1,0;1,41.137781739234924,1.9465690572150451,1.376432180404663,1.9465690572150451,106,500,98.45339444998535,1.21487287758237,0.8590448500181083,1.21487287758237,reviewer11_experiments/results/sensitivity/lr1e-3_seed0.json;reviewer11_experiments/results/sensitivity/lr1e-3_seed1.json,supplementary archived individual runs,0.001,5,5,1,hard,uniform,fixed
Table 8,lr2e-3,2,2,1,0;1,10.883106291294098,1.3399410372280451,0.9474813938140869,1.3399410372280451,106,500,99.07369240000844,0.9627684504079135,0.6807800999959,0.9627684504079135,reviewer11_experiments/results/sensitivity/lr2e-3_seed0.json;reviewer11_experiments/results/sensitivity/lr2e-3_seed1.json,supplementary archived individual runs,0.002,5,5,1,hard,uniform,fixed
Table 8,lr5e-3,2,2,1,0;1,3.6952479742467403,2.451128078529689,1.7332092858850956,2.451128078529689,106,500,57.45740775001468,0.3029995690673271,0.21425304998410866,0.3029995690673271,reviewer11_experiments/results/sensitivity/lr5e-3_seed0.json;reviewer11_experiments/results/sensitivity/lr5e-3_seed1.json,supplementary archived individual runs,0.005,5,5,1,hard,uniform,fixed
Table 8,lr1e-2,2,2,1,0;1,0.37926253280602396,0.3481462795308523,0.246176595101133,0.3481462795308523,106,500,90.05679125001188,0.6619449316902825,0.46806574997026473,0.6619449316902825,reviewer11_experiments/results/sensitivity/lr1e-2_seed0.json;reviewer11_experiments/results/sensitivity/lr1e-2_seed1.json,supplementary archived individual runs,0.01,5,5,1,hard,uniform,fixed
Table 8,q2,2,2,1,0;1,3.045895230025053,0.7755400764730116,0.5483896471560001,0.7755400764730116,55,500,42.55169415002456,0.127511080917851,0.09016394999343902,0.127511080917851,reviewer11_experiments/results/sensitivity/q2_seed0.json;reviewer11_experiments/results/sensitivity/q2_seed1.json,supplementary archived individual runs,0.005,2,5,1,hard,uniform,fixed
Table 8,q4,2,2,1,0;1,3.244890598580241,2.951451670841242,2.0869914907962084,2.951451670841242,89,500,73.06521939998493,0.2508293014788794,0.17736309999600053,0.2508293014788794,reviewer11_experiments/results/sensitivity/q4_seed0.json;reviewer11_experiments/results/sensitivity/q4_seed1.json,supplementary archived individual runs,0.005,4,5,1,hard,uniform,fixed
Table 8,q6,2,2,1,0;1,2.9480660799890757,3.610971483240284,2.5533424224704504,3.610971483240284,123,500,114.01734404999297,0.5526416382754089,0.3907766499905847,0.5526416382754089,reviewer11_experiments/results/sensitivity/q6_seed0.json;reviewer11_experiments/results/sensitivity/q6_seed1.json,supplementary archived individual runs,0.005,6,5,1,hard,uniform,fixed
Table 8,q10,2,2,1,0;1,3.359326906502247,2.240665814857016,1.5843899920582771,2.240665814857016,191,500,188.95261484998628,1.1496097501144742,0.8128968500241172,1.1496097501144742,reviewer11_experiments/results/sensitivity/q10_seed0.json;reviewer11_experiments/results/sensitivity/q10_seed1.json,supplementary archived individual runs,0.005,10,5,1,hard,uniform,fixed
Table 8,w10,2,2,1,0;1,0.22517959587275982,0.14282661461643512,0.10099366772919893,0.14282661461643512,176,500,103.93230165002751,0.5316302431091904,0.37591934998636134,0.5316302431091904,reviewer11_experiments/results/sensitivity/w10_seed0.json;reviewer11_experiments/results/sensitivity/w10_seed1.json,supplementary archived individual runs,0.005,5,10,1,hard,uniform,fixed
Table 8,w20,2,2,1,0;1,0.07718137931078672,0.05772730363441909,0.04081936785951257,0.05772730363441909,316,500,97.85132745001465,0.8080889127345728,0.5714051499962807,0.8080889127345728,reviewer11_experiments/results/sensitivity/w20_seed0.json;reviewer11_experiments/results/sensitivity/w20_seed1.json,supplementary archived individual runs,0.005,5,20,1,hard,uniform,fixed
Table 8,n2,2,2,1,0;1,2.061324380338192,1.8488002224709148,1.3072991743683815,1.8488002224709148,121,500,155.0747695500031,1.0278294160717514,0.7267851500073448,1.0278294160717514,reviewer11_experiments/results/sensitivity/n2_seed0.json;reviewer11_experiments/results/sensitivity/n2_seed1.json,supplementary archived individual runs,0.005,5,5,2,hard,uniform,fixed
Table 8,n3,2,2,1,0;1,2.66650530975312,2.9772651338290217,2.1052443655207753,2.9772651338290217,136,500,152.94673845003126,0.32896085315358975,0.2326104500098154,0.32896085315358975,reviewer11_experiments/results/sensitivity/n3_seed0.json;reviewer11_experiments/results/sensitivity/n3_seed1.json,supplementary archived individual runs,0.005,5,5,3,hard,uniform,fixed
Table 8 / ansatz,full,2,2,1,0;1,3.6557074869051576,4.515351479233587,3.192835650406778,4.515351479233587,106,600,91.672266449983,0.8476166060543292,0.5993554499873426,0.8476166060543292,reviewer11_experiments/results/ansatz/full_seed0.json;reviewer11_experiments/results/ansatz/full_seed1.json,supplementary archived individual runs,,,,,,,
Table 8 / ansatz,ry,2,2,1,0;1,4.987762495875359,0.06436087185416711,0.04551000893115997,0.06436087185416711,86,600,91.79153985000448,0.7312215972692507,0.5170517499791458,0.7312215972692507,reviewer11_experiments/results/ansatz/ry_seed0.json;reviewer11_experiments/results/ansatz/ry_seed1.json,supplementary archived individual runs,,,,,,,
Table 8 / ansatz,ryrz,2,2,1,0;1,0.8770852815359831,0.6418135920673611,0.45383074320852757,0.6418135920673611,96,600,91.99404520000098,0.10863380472034885,0.07681569998385385,0.10863380472034885,reviewer11_experiments/results/ansatz/ryrz_seed0.json;reviewer11_experiments/results/ansatz/ryrz_seed1.json,supplementary archived individual runs,,,,,,,
